email,first_name,last_name,company_name,linkedin_url,job_title,source_full_name
f.ades@41zero42.it,Frederic,Ades,41Zero42,https://www.linkedin.com/in/frederic-ades-b38523a5,,Frederic Ades
f.tiozzo@41zero42.it,Filippo,Tiozzo,41Zero42,https://www.linkedin.com/in/filippotiozzo,,Filippo Tiozzo
juanantoniobeltrangarcia@azulejosbenadresa.com,Juan,Antonio Beltran Garcia,AB (Azulejos Benadresa),https://www.linkedin.com/in/juan-antonio-beltran-garcia-187aa472,,Juan Antonio Beltran Garcia
marketing@azulejosbenadresa.com,Marketing,Azulejos Benadresa,AB (Azulejos Benadresa),https://www.linkedin.com/in/marketing-azulejos-benadresa-7b21ab208,,Marketing Azulejos Benadresa
paolo.leccese@gresmalt.it,Paolo,Rodolfo Leccese,Abitare la Ceramica,https://it.linkedin.com/in/paolo-rodolfo-leccese-61031514a,,Paolo Rodolfo Leccese
ds@aclweb.pt,Dinis,Da Silva,ACL,https://pt.linkedin.com/in/dinis-silva-952aaa299,,Dinis da Silva
martino@acquarioceramiche.com,Martino,Zancanella,Acquariodue,https://it.linkedin.com/in/martino-zancanella-57767b104,,Martino Zancanella
guven.koc@duratiles.com,Güven,KoÇ,Akgun Seramik,https://www.linkedin.com/in/güven-koç-81899677,,Güven KOÇ
danieljesus@aleluia.pt,Daniel,Jesus,Aleluia Ceramics,https://www.linkedin.com/in/daniel-jesus,,Daniel Jesus
diogomarques@aleluia.pt,Diogo,Marques,Aleluia Ceramics,https://www.linkedin.com/in/marquesdiogo,,Diogo Marques
massimilianomoglia@riwal.it,Massimiliano,Moglia,Alfalux Ceramiche,https://it.linkedin.com/in/massimiliano-moglia-43a07138,,Massimiliano Moglia
m.digiacobbe@aliceceramica.it,Manuel,Di Giacobbe,Alice Ceramica,https://www.linkedin.com/in/manuel-di-giacobbe,,Manuel Di Giacobbe
maher.kayali@anatoliatile.com,Maher,K.,Anatolia,https://www.linkedin.com/in/maherkayali,,Maher K.
gulben.pekcan@anatolia.com,Gulben,Pekcan,Anatolia,https://www.linkedin.com/in/gulbenpekcan,,Gulben Pekcan
ceramicas@aparici.com,Juan,Pruñonosa,Aparici,https://www.linkedin.com/in/juan-pruñonosa-a6bb49211,,juan pruñonosa
pmurga@apegrupo.com,Pablo,Murga Puche,Apegrupo,https://www.linkedin.com/in/pablo-murga-puche-08299132,,Pablo Murga Puche
dpellicer@apegrupo.com,David,Pellicer,Apegrupo,https://www.linkedin.com/in/david-pellicer-ba1294110,,David Pellicer
a.podesta@gruppobardelli.com,Alessandro,Podestà,Appiani,https://www.linkedin.com/in/alessandro-podestà-2553a982,,Alessandro Podestà
jguerola@azuvi.com,Juan,Guerola,Argenta Ceramica,https://www.linkedin.com/in/juanguerola,,Juan Guerola
dbenlloch@argentaceramica.com,David,Benlloch Usach,Argenta Ceramica,https://www.linkedin.com/in/david-benlloch-usach-70957769,,David Benlloch Usach
rbodi@ittspain.com,Rafael,Bodi,Arklam,https://www.linkedin.com/in/rafael-bodí-sepúlveda,,RAFAEL BODI
marco.manfredi@arvex.it,Marco,Manfredi,Arvex,https://www.linkedin.com/in/marco-manfredi-ab25954,,Marco Manfredi
daniele.gardosi@ascot.it,Daniele,Gardosi,Ascot Domdesignlab,https://it.linkedin.com/in/daniele-gardosi-7249b0105,,Daniele Gardosi
m.cagnoli@atlasconcorde.it,Mattia,Cagnoli,Atlas Concorde,https://www.linkedin.com/in/mattia-cagnoli-90406427,,Mattia Cagnoli
m.caldiani@atlasconcorde.com,Massimo,Caldiani,Atlas Concorde,https://www.linkedin.com/in/massimo-caldiani-0b933916,,Massimo Caldiani
l.zagatti@atlasplan.com,Luca,Zagatti,Atlas Plan,https://www.linkedin.com/in/luca-zagatti-702b279,,Luca Zagatti
jdamia@azuvi.com,Jesus,Damiá Ordaz,Azuvi,https://es.linkedin.com/in/jesus-dami%C3%A1-ordaz-1906bb58,,Jesus Damiá Ordaz
l.rossini@azzurraceramica.it,Lorenzo,Rossini,Azzurra Ceramica,https://www.linkedin.com/in/lorenzo-rossini-azzurra-ceramica,,Lorenzo Rossini
m.tontoni@azzurraceramica.it,Mauro,Tontoni,Azzurra Ceramica,https://www.linkedin.com/in/mauro-tontoni-36217149,,Mauro Tontoni
p.montanes@baldocer.com,Paula,Montañés,Baldocer,https://www.linkedin.com/in/paula-montañés-01111050,,Paula Montañés
a.bergamini@bebceramiche.eu,Armando,Bergamini,B&B Ceramiche,https://it.linkedin.com/in/armando-bergamini-6624a6139,,Armando Bergamini
yusufarman@betsan.com,Yusuf,Arman,Betsan Glass Mosaic,https://www.linkedin.com/in/yusuf-arman-0a317a219,,Yusuf Arman
i.dipaolo@nuovocorso.it,Ivano,Di Paolo,BIG Slabs by Nuovocorso,https://it.linkedin.com/in/ivano-di-paolo-b8208769,,Ivano Di Paolo
mauro.maffizzoli@biopietra.com,Mauro,Maffizzoli,Biopietra,https://it.linkedin.com/in/mauro-maffizzoli,,Mauro Maffizzoli
raj@boffogranito.com,Raj,Ambani,Bonza,https://www.linkedin.com/in/im-ambani,,Raj Ambani
euroindia@euroindiaintl.in,Devendra,Panara,Bonza,https://www.linkedin.com/in/devendra-panara-065209243,,Devendra Panara
fran@cifreceramica.com,Francisco,Placeres,Brick&MORE by Cifre,https://es.linkedin.com/in/francisco-placeres-b555901a3,,Francisco Placeres
william@cartilla.it,William,Boullier,Bulbo,https://it.linkedin.com/in/willboullier,,William Boullier
marco.giorgione@castelvetro.it,Marco,Giorgione,Castelvetro Ceramiche,https://it.linkedin.com/in/marco-giorgione-012aa425/en,,Marco Giorgione
brandoli.stefano@fincibec.com,Stefano,Brandoli,Century,https://it.linkedin.com/in/stefanobrandoli,,Stefano Brandoli
marcelo.damm@carmelofior.com,Claudinei,Ferreira,Ceramica Carmelo Fior,https://www.linkedin.com/in/claudinei-ferreira-8a689190,,Claudinei Ferreira
emayor@ceramicamayor.com,Eva,Mayor Ronda,Ceramica Mayor,https://es.linkedin.com/in/eva-mayor-ronda-55b1a833,,Eva Mayor Ronda
i.dicagno@ceramicarondine.it,Ivan,Di Cagno,Ceramica Rondine,https://www.linkedin.com/in/ivan-di-cagno-1a342613,,Ivan Di Cagno
m.camodeca@ceramicarondine.it,Michele,Camodeca,Ceramica Rondine,https://www.linkedin.com/in/michele-camodeca-645117101,,Michele Camodeca
fmanuzzi@ceramicasantagostino.it,Filippo,Manuzzi,Ceramica Sant'AGOSTINO,https://it.linkedin.com/in/filippo-manuzzi-55155813,,Filippo Manuzzi
capone.andrea@ceramicavalsecchia.it,Andrea,Capone,Ceramica Valsecchia,https://it.linkedin.com/in/andrea-capone-3555081a2,,Andrea Capone
dvilar@salcamar.com,Dani,Vilar,Ceramica Vilar Albaro,,,Dani Vilar
r.demicco@caesar.it,Raimondo,De Micco,Ceramiche Caesar,https://www.linkedin.com/in/raimondo-de-micco-4a65233,,Raimondo De Micco
n.brandolini@caesar.it,Nicola,Brandolini,Ceramiche Caesar,https://www.linkedin.com/in/nicola-brandolini-04860766,,Nicola Brandolini
giulia@cermariner.it,Giulia,Catti,Ceramiche Mariner,,,Giulia Catti
martina.romani@cerasarda.it,Martina,Romani,Cerasarda,https://it.linkedin.com/in/martina-romani-911129a6,,Martina Romani
t.montanari@cerdomus.com,Teresa,M.,Cerdomus,https://www.linkedin.com/in/teresa-montanari,,Teresa M.
l.pavanello@cerdomus.com,Lisa,Pavanello,Cerdomus,https://www.linkedin.com/in/lisa-pavanello-4a770418,,Lisa Pavanello
alonso@cerlat.com,Alonso,Bachero,Cerlat,https://es.linkedin.com/in/alonso-bachero-7982a9126,,Alonso Bachero
fumagalli@cesiceramica.it,Mario,Fumagalli,CE.SI,,,Mario Fumagalli
ana@cevica.es,Ana,Montes,Cevica,https://www.linkedin.com/in/ana-montes-43ab69b1,,Ana Montes
hector@cevica.es,Hector,Bea Verdu,Cevica,https://www.linkedin.com/in/hector-bea-verdu-a9032027,,HECTOR BEA VERDU
r.adduci@francescodemaio.it,Rosario,Adduci,Cevi Ceramica Vietrese,https://www.linkedin.com/in/rosario-adduci-944848112,,Rosario Adduci
sm@cinca.pt,Miguel,Balboa De Sousa,Cinca,https://pt.linkedin.com/in/miguel-balboa,,Miguel Balboa de Sousa
s.quaglietta@cipagres.it,Sandro,Quaglietta,Cipa Gres,https://www.linkedin.com/in/sandro-quaglietta-2bb7b4211,,Sandro Quaglietta
giorgio.romani@cir.it,Giorgio,Romani,CIR,https://www.linkedin.com/in/giorgio-romani-462b781a6,,Giorgio Romani
daniela.selmi@coem.it,Daniela,Selmi,Coem,,,Daniela Selmi
fagramunt@colorker.com,Fernando,Agramunt Gorriz,Colorker,https://www.linkedin.com/in/fernando-agramunt-gorriz-391a8b87,,FERNANDO AGRAMUNT GORRIZ
rdebon@colorker.com,Ramón,Debón,Colorker,https://www.linkedin.com/in/ramóndebón,,Ramón Debón
matteo.iseppi@cottodeste.it,Matteo,Iseppi,Cotto D'Este,https://www.linkedin.com/in/matteo-iseppi-2a6115100,,Matteo Iseppi
andrea.muttoni@cottodeste.it,Andrea,Muttoni,Cotto D'Este,,,Andrea Muttoni
umberto.magnani@vivaterra.it,Umberto,Magnani,Cotto Vivaterra,https://www.linkedin.com/in/umberto-magnani-60534369,,Umberto Magnani
alessandro.albasini@vivaterra.it,Alessandro,Albasini,Cotto Vivaterra,https://www.linkedin.com/in/alessandro-albasini-0b9aa7176,,alessandro albasini
cnavarro@grespania.com,Conchín,Navarro Garí,Coverlam,https://www.linkedin.com/in/conchín-navarro-garí-6a17b824,,Conchín Navarro Garí
ecastello@cristalceramicas.com,Eva,Castelló Sales,Cristacer,https://es.linkedin.com/in/eva-castello-sales-7860a9330,,Eva Castelló Sales
cristina.minotti@idroexpert.com,Cristina,Minotti,CRZ64 by Idroexpert,https://it.linkedin.com/in/cristina-minotti,,Cristina Minotti
w.visser@dadoceramica.it,Guglielmo,Visser,Dado Ceramica,https://it.linkedin.com/in/guglielmo-visser-ba58b410,,Guglielmo Visser
fraya@decocer.com,Fran,Raya,Decocer,https://www.linkedin.com/in/franraya,,Fran Raya
s.abaldini@decoratoribassanesi.it,Silvia,Abaldini,Decoratori Bassanesi Italia 1988,https://www.linkedin.com/in/silvia-abaldini-69129994,,Silvia Abaldini
m.colnaghi@decoratoribassanesi.it,Maurizio,Colnaghi,Decoratori Bassanesi Italia 1988,https://www.linkedin.com/in/maurizio-colnaghi-b82aa3130,,Maurizio Colnaghi
andy@decros.com.tr,Andy,Ozdemir,Decros,https://www.linkedin.com/in/andy-ozdemir-836899152,,Andy Ozdemir
e.vignoli@delconca.com,Enrica,Vignoli,Del Conca,https://www.linkedin.com/in/enrica-vignoli-a8738322,,Enrica Vignoli
david@wowdesigneu.com,David,Muñoz,DNA Tiles,https://www.linkedin.com/in/davidmunyoz,,David Muñoz
luis.abreu@domino.pt,Luis,Abreu,Domino,https://www.linkedin.com/in/luis-abreu-633b717b,,Luis Abreu
ggenovese@duegceramiche.com,Giuseppe,Genovese,DUE G Ceramiche,https://it.linkedin.com/in/giuseppe-genovese-5106a91a6,,Giuseppe Genovese
vivars@duneceramics.com,Valentín,Ivars Baí,Dune Ceramica,https://www.linkedin.com/in/valentinivars,,Valentín Ivars Baí
bsegura@duneceramics.com,Begonya,Segura Ortí,Dune Ceramica,https://www.linkedin.com/in/begonyaseguraorti-marketingdirector-dune,,Begonya Segura Ortí
marta@durstone.es,Marta,Peña Ortiz,Durstone,https://www.linkedin.com/in/marta-peña-ortiz-4b2aa510a,,Marta Peña Ortiz
cmiralles@ecoceramic.es,Cristina,Miralles García,Ecoceramic,https://www.linkedin.com/in/cristinamirallesgarcia,,Cristina Miralles García
adiaz@ecoceramic.es,Alberto,Díaz Puertas,Ecoceramic,https://www.linkedin.com/in/alberto-díaz-puertas-8207472b,,Alberto Díaz Puertas
fiulli@edimaxastor.it,Federico,Iulli,Edimaxastor,https://www.linkedin.com/in/federico-iulli-374700185,,Federico Iulli
scakilkaya@egeseramik.com,Soner,Cakilkaya,EGE Seramik,https://www.linkedin.com/in/soner-cakilkaya-268b1126,,Soner Cakilkaya
smutlu@egeseramik.com,Secil,Mutlu,EGE Seramik,https://www.linkedin.com/in/secil-mutlu-3a140377,,Secil Mutlu
marco@elbarco.com,Marco,A. Castañ Nebot,El Barco,,,Marco A. Castañ Nebot
mcivettini@eliosceramica.it,Marianna,Civettini,Elios Ceramica,https://www.linkedin.com/in/marianna-civettini-7a2a5ab0,,Marianna Civettini
jessica@emac-italia.it,Jessica,Frigieri,Emac®,,,Jessica Frigieri
sunil@emcer.in,Sunil,Delvadiya,Emcer Italia,https://www.linkedin.com/in/sunil-delvadiya-264972189,,Sunil Delvadiya
fbrendel@halconceramicas.com,François,Brendel,Emotion Ceramics,,,François Brendel
alex.giusti@energieker.it,Alex,Giusti,Energieker,https://www.linkedin.com/in/alex-giusti-00154a104,,Alex Giusti
marco.rabitti@ermesaurelia.it,Marco,Rabitti,Ermesaurelia,https://it.linkedin.com/in/marcorabitti/en,,Marco Rabitti
mfernandez@eceramico.com,Manuel,Fernandez,Estudio Ceramico,https://www.linkedin.com/in/manuel-fernandez-estudioceramico,,Manuel Fernandez
yperez@eceramico.com,Yolanda,Perez,Estudio Ceramico,https://www.linkedin.com/in/yolanda-perez-villanueva,,Yolanda Perez
fpedrosa@euroshrink.es,Francisco,Pedrosa,Euroshrink,https://www.linkedin.com/in/francisco-pedrosa-a77610386,,Francisco Pedrosa
r.catellani@evoluzioniceramiche.it,Roberto,Catellani,Evoluzioni Ceramiche,https://it.linkedin.com/in/roberto-catellani-695732b4,,Roberto Catellani
mgonzalez@exagres.es,Miguel,Gonzalez,Exagres,https://www.linkedin.com/in/miguelgonzalezlamelas,,Miguel Gonzalez
usuamanero@ezarri.com,Usua,Mañero Aperribay,Ezarri Mosaico,https://www.linkedin.com/in/usuamañero,,Usua Mañero Aperribay
bonigonzalez@ezarri.com,Boni,González Gullón,Ezarri Mosaico,https://www.linkedin.com/in/boni-gonzález-gullón-01a92059,,Boni González Gullón
stefano@fabbricadelsale.it,Stefano,Campioli,Fabbrica del Sale,,,Stefano Campioli
f.guidetti@fapceramiche.com,Francesco,Guidetti,FAP Ceramiche,https://www.linkedin.com/in/francesco-guidetti-73647035,,Francesco Guidetti
v.bigi@fapceramiche.com,Valentina,Bigi,FAP Ceramiche,https://www.linkedin.com/in/valentina-bigi-7136a593,,Valentina Bigi
francesco@ceramicaflaminia.it,Francesco,Bravini,Flaminia,https://www.linkedin.com/in/francesco-bravini-81110632,,Francesco Bravini
matteo@ceramicaflaminia.com,Matteo,Anceschi,Flaminia Italian Ceramic Tiles,https://it.linkedin.com/in/anceschi-matteo-b108935,,Matteo Anceschi
v.visconti@flooritaliaceramiche.it,Valerio,Visconti,Floor Italia Ceramiche,https://it.linkedin.com/in/valerio-visconti-1aa04432,,Valerio Visconti
f.panini@fondovalle.it,Francesco,Panini,Fondovalle,https://www.linkedin.com/in/fra-panini,,Francesco Panini
f.tusini@fondovalle.it,Federico,Tusini,Fondovalle,https://www.linkedin.com/in/federico-tusini-2a019b10b,,Federico Tusini
lorenzo.parrinelli@santanselmo.it,Lorenzo,Parrinelli,Fornace S.Anselmo,https://www.linkedin.com/in/lorenzo-parrinelli-9905a7102,,Lorenzo Parrinelli
dmitry.krasavcev@santanselmo.it,Dmitry,Krasavcev,Fornace S.Anselmo,https://www.linkedin.com/in/dmitry-krasavcev-4484b74a,,Dmitry Krasavcev
sugaroni@sugaroni.it,Laura,Sugaroni,Fornace Sugaroni Vincenzo,https://it.linkedin.com/in/laura-sugaroni-034210a8/en,,Laura Sugaroni
gdemaio@fornacidagostino.it,Gianni,De Maio,Fornaci D'Agostino,https://it.linkedin.com/in/gianni-de-maio-781b2a174,,Gianni De Maio
alessandra.salvarani@gresmalt.it,Alessandra,Salvarani,Frassinoro Ceramiche,https://www.linkedin.com/in/alessandra-salvarani-b616a7101,,Alessandra Salvarani
paula.carda@porcelanosagrupo.com,Paula,Carda,Gama-DECOR,https://www.linkedin.com/in/paulacarda,,Paula Carda
manel.alagarda@porcelanosagrupo.com,Manel,Alagarda Carratalà,Gama-DECOR,https://www.linkedin.com/in/alagarda,,Manel Alagarda Carratalà
chiara.lonati@geopietra.it,Chiara,Lonati,Geopietra,https://it.linkedin.com/in/chiara-lonati,,Chiara Lonati
pllop@geotiles.com,Pere,Llop Portales,Geotiles,https://www.linkedin.com/in/pere-llop-portales-59502288,,Pere Llop Portales
giulio@girasolepietre.it,Giulio,Righetti,Girasole Pietre Naturali,https://it.linkedin.com/in/giulio-righetti-ab23a15b/en,,Giulio Righetti
alessio@giulini.it,Alessio,Crola,Giulini Giovanni Rubinetteria,https://www.linkedin.com/in/alessio-crola,,Alessio Crola
vandelli@granitoforte.it,Dato,Vandelli,Granito Forte,https://it.linkedin.com/in/dato-vandelli-4687031a0,,Dato Vandelli
m.lahoz@gresaragon.com,Marco,Lahoz,Gres AragÓN,https://www.linkedin.com/in/marcolahoz,,Marco Lahoz
nuno.genio@grespanaria.com,Nuno,Génio,Gresart,https://www.linkedin.com/in/nuno-g%C3%A9nio-b9037399,,Nuno Génio
filipe.maximo@embramaco.com.br,Filipe,Máximo,Grupo Embramaco,https://www.linkedin.com/in/filipe-máximo-6210a351,,Filipe Máximo
exportacao@embramaco.com.br,Fábio,Endrigo Delfino,Grupo Embramaco,https://www.linkedin.com/in/fábio-endrigo-delfino,,Fábio Endrigo Delfino
mguiducci@gtiles.it,Michele,Guiducci,Gtiles,,,Michele Guiducci
helena.navarro@harmonyinspire.com,Helena,Navarro Gallardo,Harmony,https://www.linkedin.com/in/helena-navarro-gallardo,,Helena Navarro Gallardo
emanuelesantoro@hidra.it,Emanuele,Santoro,Hidra Ceramica,https://it.linkedin.com/in/emanuele-santoro-6a49136b,,Emanuele Santoro
lorenzo.braida@tuscaniagres.it,Lorenzo,Braida,IL Cavallino,https://www.linkedin.com/in/​lorenzo-braida-​🇮🇹-11803a24,,Lorenzo Braida
a.borelli@tuscaniagres.it,Andrea,Borelli,IL Cavallino,https://www.linkedin.com/in/andrea-borelli-1b548293,,Andrea Borelli
f.cottafava@italgranitigroup.com,Federico,Cottafava,Impronta,https://www.linkedin.com/in/federicocottafava,,Federico Cottafava
v.caffagni@italgranitigroup.com,Valentina,Caffagni,Impronta,https://www.linkedin.com/in/valentina-caffagni-b1314123,,Valentina Caffagni
f.iozzia@infinitysurfaces.it,Fabio,Iozzia,Infinity™,https://www.linkedin.com/in/fabio-iozzia-5986a812,,Fabio Iozzia
d.corsini@infinitysurfaces.it,Davide,Corsini,Infinity™,https://www.linkedin.com/in/davide-corsini-4b313118,,Davide Corsini
ncalvo@inthetile.com,Nacho,Calvo,Inthetile,,,Nacho Calvo
majcol.bastardi@islatiles.it,Majcol,Bastardi,Isla Tiles,https://it.linkedin.com/in/majcolbastardi,,Majcol Bastardi
p.palmas@itatiles.it,Paolo,Palmas,Ita-I.Tiles,https://www.linkedin.com/in/paolo-palmas-63239026,,PAOLO PALMAS
selincevikersayin@kale.com.tr,Selin,Cevik Ersayın,Kale,https://www.linkedin.com/in/selin-cevik-ersayın-28390428,,Selin Cevik Ersayın
tuncerunlu@kale.com.tr,Tuncer,ÜNlÜ,Kale,https://www.linkedin.com/in/tuncer-unlu,,Tuncer ÜNLÜ
svurdu@karoistanbul.com,Songül,Vurdu,Karoistanbul,,,Songül Vurdu
y.beghi@keope.com,Yuri,Beghi,Keope,https://www.linkedin.com/in/yuri-beghi,,Yuri Beghi
a.loschi@keope.com,Alessandro,Loschi,Keope,https://www.linkedin.com/in/alessandro-loschi,,Alessandro Loschi
danielebonacorsi@keradom.it,Daniele,Bonacorsi,Keradom,https://www.linkedin.com/in/daniele-bonacorsi-158b3a58,,Daniele Bonacorsi
jtirado@ktlceramica.com,Juan,Tirado,KTL Ceramica,https://es.linkedin.com/in/juan-tirado-ba8b4730a,,Juan Tirado
laura@lacus.it,Laura,Tosarelli,Lacus,https://www.linkedin.com/in/laura-tosarelli,,Laura Tosarelli
gabrielepini@lafabbrica.it,Gabriele,Pini,La Fabbrica AVA,https://www.linkedin.com/in/gabrielepini,,Gabriele Pini
andreafalcinella@lafabbrica.it,Andrea,Falcinella,La Fabbrica AVA,https://www.linkedin.com/in/andrea-falcinella-1aba7a80,,Andrea Falcinella
stefano.giordani@ccimola.it,Stefano,Giordani,Lafaenza,,,Stefano Giordani
l.bottazzi@laminam.com,Luca,Bottazzi,Laminam,https://www.linkedin.com/in/luca-bottazzi-b0494124,,Luca Bottazzi
g.saletti@laminam.com,Gabriele,Saletti,Laminam,https://www.linkedin.com/in/gabriele-saletti-302763188,,Gabriele Saletti
agutierrez@laplatera.es,Antonio,Gutiérrez,La Platera,,,Antonio Gutiérrez
tomas.bordignon@fiftydeg.com,Tomas,Filippo Bordignon,Letshelter,https://it.linkedin.com/in/tomasfilippobordignon/en,,Tomas Filippo Bordignon
lavinia@livingceramics.com,Lavinia,I.,Lithotech,https://www.linkedin.com/in/lavinia-i-36123913a,,Lavinia I.
ricardo.mota@grespanaria.com,Ricardo,Mota,Love Ceramic Tiles,,,Ricardo Mota
ramiro@mainzu.com,Ramiro,Flor,Mainzu,https://es.linkedin.com/in/ramiro-flor-34744b31,,Ramiro Flor
a.russo@marcacorona.it,Alberto,Russo,Marca Corona,https://www.linkedin.com/in/alberto-russo-588418209,,Alberto Russo
afoschini@masettidesign.com,Alessandro,Foschini,Masetti Design,,,Alessandro Foschini
farah@farahx.com,Farah,Lith,Mayolica,https://nl.linkedin.com/in/farah-lith-02aa2713,,Farah Lith
luca@mgmceramiche.it,Luca,Manfredini,MGM Ceramiche,https://it.linkedin.com/in/luca-manfredini-a9b08b42,,Luca Manfredini
f.bertagnoli@mirage.it,Fausto,Bertagnoli,Mirage,https://www.linkedin.com/in/fausto-bertagnoli-2987104,,Fausto Bertagnoli
d.bertacchi@mirage.it,Daniele,Bertacchi,Mirage,https://www.linkedin.com/in/daniele-bertacchi-5025525,,Daniele Bertacchi
mauro.gastaldin@museumsurfaces.com,Mauro,Gastaldin,Museum Surfaces,https://www.linkedin.com/in/maurogastaldin,,Mauro Gastaldin
jerry@nabel.cc,Jerry,Xia,Nabel Ceramic,https://www.linkedin.com/in/jerry-xia-797a28267,,jerry xia
alopez@nadisdesign.com,Antonio,López Llopis,Nadis Design,https://www.linkedin.com/in/antonio-lópez-llopis-b63a3a191,,Antonio López Llopis
natucer@natucer.es,Jose,Cantavella Natucer,Natucer,https://www.linkedin.com/in/jose-cantavella-natucer-168aa410b,,Jose Cantavella NATUCER
mdiaz@navarti.com,Manuel,Díaz,Navarti,https://www.linkedin.com/in/manuel-díaz-21384b174,,Manuel Díaz
borelli.vittorio@fincibec.it,Vittorio,Borelli,Naxos,,,Vittorio Borelli
luca@nerosicilia.com,Luca,Arezzi,Nerosicilia,https://www.linkedin.com/in/luca-arezzi-9ba9a71a0,,Luca Arezzi
musayilmaz@ngkutahyaseramik.com.tr,Musa,Yılmaz,NG Kutahya Seramik,https://www.linkedin.com/in/musa-yılmaz-29227b66,,Musa Yılmaz
yildizcanturk@ngkutahyaseramik.com.tr,Yıldız,Cantürk,NG Kutahya Seramik,https://www.linkedin.com/in/yıldız-cantürk-366558116,,Yıldız Cantürk
vishwajitsingh@nitco.in,Vishwajit,Singh,Nitco,https://www.linkedin.com/in/vishwajit-singh-176158a0,,VISHWAJIT SINGH
bhavesh@varmora.com,Bhavesh,Mevada,Nitco,https://www.linkedin.com/in/bhavesh-mevada-939b082b1,,Bhavesh Mevada
fausto.costi@novabell.it,Fausto,Costi,Novabell Cer.Italiane,https://www.linkedin.com/in/fausto-costi-344b7727,,fausto Costi
p.onfiani@novoceram.fr,Paolo,Onfiani,Novoceram,https://www.linkedin.com/in/paolo-onfiani-84461a3a,,Paolo Onfiani
d.comazzi@novoceram.fr,Danilo,Comazzi,Novoceram,https://www.linkedin.com/in/danilo-comazzi-2446563a,,Danilo Comazzi
g.patrizi@olympiaceramica.it,Giampiero,Patrizi,Olympia Ceramica,https://www.linkedin.com/in/giampiero-patrizi-30143a29,,Giampiero Patrizi
c.lacomba@onixmosaico.com,Celia,Lacomba,Onix,https://www.linkedin.com/in/celialacomba,,Celia Lacomba
s.oliver@onixmosaico.com,Santi,Oliver Bonet,Onix,https://www.linkedin.com/in/santi-oliver-bonet-80381220,,Santi Oliver Bonet
e.baschieri@opificioceramico.com,Elena,Baschieri,Opificio Ceramico,,,Elena Baschieri
b.franchini@optimumsurfaces.com,Beatrice,Franchini,Optimum Surfaces,https://www.linkedin.com/in/beatrice-franchini-041b3a44,,Beatrice Franchini
aortega@pamesa.com,Ana,Ortega Zapata,Pamesa,https://es.linkedin.com/in/anaortegazapata,,Ana Ortega Zapata
ruimariz@pavigres.com,Rui,Mariz,Pavigres,https://www.linkedin.com/in/rui-mariz-576b171b,,Rui Mariz
rosperis@peronda.com,Ros,Peris Diago,Peronda,https://es.linkedin.com/in/ros-peris-diago-3b025b82,,Ros Peris Diago
raffaela.marcazzan@petraantiqua.com,Raffaela,Marcazzan,Petra Antiqua,https://it.linkedin.com/in/raffaela-marcazzan-112771179,,Raffaela Marcazzan
s.bondavalli@ceramichepiemme.it,Sergio,Bondavalli,Piemme,,,Sergio Bondavalli
fnavarro@plasdecor.com,Francisco,Navarro,Plasdecor,https://www.linkedin.com/in/francisco-navarro-776b2521a,,Francisco Navarro
inavarro@plasdecor.com,Irene,Navarro Segura,Plasdecor,https://www.linkedin.com/in/irene-navarro-segura-1a8b0721a,,Irene Navarro Segura
sonia.cirillo@polis.it,Sonia,Cirillo,Polis,https://www.linkedin.com/in/sonia-cirillo-118594145,,Sonia Cirillo
chris@porcelanite.es,Chris,Jackson,Porcelanite DOS,https://www.linkedin.com/in/chris-jackson-22726260,,Chris Jackson
marcos.reis@portobello.com.br,Marcos,Reis,Portobello Grupo,https://www.linkedin.com/in/marcos-reis-42132323,,Marcos Reis
mnunes@portobello.com.br,Michelle,Aparecida Baixo Nunes,Portobello Grupo,https://www.linkedin.com/in/michelle-aparecida-baixo-nunes-68526127,,Michelle Aparecida Baixo Nunes
smanzano@prissmacer.es,Sandra,Manzano Cost,Prissmacer Ceramica,https://www.linkedin.com/in/sandra-manzano-cost-30b48510b,,Sandra Manzano Cost
enrico_barison@profilpas.com,Enrico,Barison,Profilpas,,,Enrico Barison
giulia@progettobaucer.com,Giulia,Catti,Progetto Baucer,,,Giulia Catti
rcanton@progressprofiles.com,Roberto,Canton,Progress Profiles,https://www.linkedin.com/in/roberto-canton,,Roberto Canton
pvandelli@progressprofiles.com,Paolo,Vandelli-Bulgarelli,Progress Profiles,https://www.linkedin.com/in/paolo-vandelli-bulgarelli-471943,,Paolo Vandelli-Bulgarelli
r.macchi@quintessenzaceramiche.it,Ramona,Macchi,Quintessenza Ceramiche,https://it.linkedin.com/in/ramona-macchi,,Ramona Macchi
prabhakar.kumar@qutone.in,Prabhakar,Kumar,Qutone Ceramic,https://www.linkedin.com/in/prabhakar-kumar-34b8b96,,Prabhakar Kumar
shreya@qutoneceramic.com,Shreya,Adlakha,Qutone Ceramic,https://www.linkedin.com/in/shreya-adlakha-qutone,,Shreya Adlakha
davide.cesca@rakceramics.com,Davide,Giovanni Cesca,RAK Ceramics,https://www.linkedin.com/in/davidegiovannicesca,,Davide Giovanni Cesca
elio.fernandes@recer.pt,Élio,Fernandes,Recer,https://www.linkedin.com/in/élio-fernandes-963a9716,,Élio Fernandes
ricardo.rego@recer.pt,Ricardo,Rego,Recer,https://www.linkedin.com/in/ricardo-rego-5836686,,Ricardo Rego
r.monti@refin.it,Rino,Monti,Refin,https://www.linkedin.com/in/rino-monti-2b800422,,Rino Monti
got@reviglass.es,Gorka,Otamendi Muguruza,Reviglass,https://es.linkedin.com/in/gorka-otamendi-muguruza-5a2ba669,,Gorka Otamendi Muguruza
paularoque@revigres.pt,Paula,Roque,Revigres,https://pt.linkedin.com/in/paula-roque-69441a66,,Paula Roque
ben@revoirparis.be,Ben,Vanpée,Revoir Paris,https://be.linkedin.com/in/ben-vanp%C3%A9e-57554166,,Ben Vanpée
pablo.tarin@rocatiles.com,Pablo,Tarín Cayuela,Roca Tiles,https://www.linkedin.com/in/pablo-tarín-cayuela-07b17528,,Pablo Tarín Cayuela
arantxa.martinez.diaz@rocatiles.com,Arantxa,Martínez Díaz,Roca Tiles,https://www.linkedin.com/in/arantxa-martínez-díaz-79805b10,,Arantxa Martínez Díaz
hhayani@rocersa.es,Hazem,Hayani,Rocersa,https://ae.linkedin.com/in/hhayani,,Hazem Hayani
marta@rosagres.com,Marta,Sugrañes,Rosagres,https://www.linkedin.com/in/marta-sugrañes-9394479,,Marta Sugrañes
francescoblasi@riwal.it,Francesco,Blasi,Saime Ceramiche DAL 1938,https://it.linkedin.com/in/francesco-blasi-b19b9630,,Francesco Blasi
barisaktan@seramiksan.com.tr,Barış,Aktan,Seramiksan,https://www.linkedin.com/in/baaktan,,Barış Aktan
uygarkarlidag@seramiksan.com.tr,Uygar,Karlıdağ,Seramiksan,https://www.linkedin.com/in/uygar-karlıdağ-22985259,,Uygar Karlıdağ
martina.romani@serenissima.re.it,Martina,Romani,Serenissima,https://www.linkedin.com/in/martina-romani-911129a6,,Martina Romani
m.nadalini@settecento.com,Massimo,Nadalini,Settecento Valtresinaro,https://it.linkedin.com/in/massimo-nadalini,,Massimo Nadalini
supadhyay@somanyceramics.com,Suraj,Upadhyay,Somany Ceramics,https://www.linkedin.com/in/suraj-upadhyay-24a075101,,Suraj Upadhyay
jc.esteve@sqmosaic.com,Juan,Carlos Esteve,SQ Mosaic,https://www.linkedin.com/in/juan-carlos-esteve-8b1461330,,Juan Carlos Esteve
g.molaroni@supergres.com,Gianlorenzo,Molaroni,Supergres,https://www.linkedin.com/in/gianlorenzo-molaroni-20301a21,,Gianlorenzo Molaroni
f.mezzanotte@supergres.com,Francesco,Mezzanotte,Supergres,https://www.linkedin.com/in/francescomezzanotte1977,,francesco mezzanotte
claudio.banfi@tagina.it,Claudio,Banfi,Tagina,https://it.linkedin.com/in/claudio-banfi-b2717117,,Claudio Banfi
llozano@tauceramica.com,Luz,Lozano Lozano,TAU CerÁMICA,https://www.linkedin.com/in/luz-lozano-lozano-78b144128,,LUZ LOZANO LOZANO
stefano.lamberti@tecnografica.net,Stefano,Lamberti,Tecnografica,https://www.linkedin.com/in/stefano-lamberti-76b7a884,,Stefano Lamberti
chiara.medici@tecnografica.net,Chiara,Medici,Tecnografica,https://www.linkedin.com/in/chiaramedici,,Chiara Medici
usimsek@termalseramik.com.tr,Uğur,Şimşek,Termal Seramik,https://www.linkedin.com/in/uğurşimşek,,Uğur Şimşek
mmigliorini@terratintagroup.com,Marco,Erik Migliorini,Terratinta Group,https://www.linkedin.com/in/marco-erik-migliorini-63462b3,,Marco Erik Migliorini
pdallari@terratintagroup.com,Paolo,Dallari,Terratinta Group,https://www.linkedin.com/in/paolo-dallari-24942b32,,Paolo Dallari
predaa@terzadimensione.com,Andrea,Preda,Terzadimensione,https://it.linkedin.com/in/andrea-preda-8404186/it,,Andrea Preda
mspiller@tesseremosaico.it,Margherita,Spiller,Tessere,https://it.linkedin.com/in/margherita-spiller-454b771a,,Margherita Spiller
mperez@togama.com,Mariano,Pérez Sánchez,Togama,https://www.linkedin.com/in/mariano-pérez-sánchez-776330293,,MARIANO Pérez Sánchez
jbellmunt@togama.com,Xavier,Bellmunt,Togama,https://www.linkedin.com/in/xavier-bellmunt-a1643b1a1,,Xavier Bellmunt
carlopagani@tonalite.it,Carlo,Pagani - Tonalite,Tonalite,https://www.linkedin.com/in/carlopagani,,Carlo Pagani - Tonalite
camilla@gruppodei.com,Camilla,Dei,Travertini Paradiso,https://www.linkedin.com/in/camilla-dei-b37402a,,Camilla Dei
jtomas@undefasa.com,Jesus,Tomas,Undefasa,https://www.linkedin.com/in/jesus-tomas-296217277,,Jesus Tomas
fexposito@vidrepur.com,Francisco,Expósito Sánchez,Vidrepur,https://es.linkedin.com/in/francisco-exposito-44a8a027,,Francisco Expósito Sánchez
jmmarco@vitacer.es,Juan,Manuel Marco García,Vitacer,https://www.linkedin.com/in/juan-manuel-marco-garcía-8b10a3120,,Juan Manuel Marco García
jfernandez@vitacer.es,Javier,Fernandez Fernandez,Vitacer,https://www.linkedin.com/in/javier-fernandez-fernandez-14483077,,Javier Fernandez Fernandez
irem.kumralbas@vitra.com.tr,Irem,Kumralbas Ciftci,Vitra,https://www.linkedin.com/in/irem-kumralbas-ciftci-a596a282,,Irem Kumralbas Ciftci
jpalomo@vivesceramica.com,Jesus,Palomo,Vives Azulejos y Gres,https://www.linkedin.com/in/jesus-palomo-a144b84b,,Jesus Palomo
jbesnard@wowdesigneu.com,Jorge,Besnard Mateu,WOW Design,https://www.linkedin.com/in/jorgebesnard,,Jorge Besnard Mateu
ameno@x-is.co.jp,Shūichi,Ameno,X-IS,https://www.linkedin.com/in/shūichi-ameno-067749335,,Shūichi Ameno
francesca.h@yukariceramics.com,Francesca,Hermia,Yukari Ceramics,https://www.linkedin.com/in/francesca-hermia-9ba391209,,Francesca Hermia
marcus.lee@amosaic.com,Marcus,Lee,American Glass Mosaics,https://www.linkedin.com/in/mleecfoandmanagementconsultant,,Marcus Lee
erin@restorationtile.com,Erin,Oliver,American Restoration Tile,https://www.linkedin.com/in/erin-oliver-1413b0271,,Erin Oliver
patrick@arto.com,Patrick,Blake,ARTO Brick & Tile,https://www.linkedin.com/in/patrickblake1,,Patrick Blake
mike@arto.com,Mike,Oleson,ARTO Brick & Tile,https://www.linkedin.com/in/mike-oleson-18114250,,Mike Oleson
scott@chadwickssurfaces.net,Scott,Anderson,Chadwick's Surfaces International,https://www.linkedin.com/in/scott-anderson-a33216175,,Scott Anderson
sienna@dunisstudios.com,Sienna,Ginn,Dunis Studios,,,Sienna Ginn
alex@elontile.com,Alex,Rossomando,Elon Tile & Stone,https://www.linkedin.com/in/alex-rossomando-75738774,,Alex Rossomando
leah@imagesintile.com,Leah,Sturgis,Images In Tile USA,,,Leah Amey
stacza@lowitzandcompany.com,Stacza,Lipinski,Linden Workshops,,,Stacza Lipinski
georgiana@stoneimpressions.com,Georgiana,Smith,Livden,https://www.linkedin.com/in/georgiana-smith-55b100aa,,Georgiana Smith
mark@malibuceramicworks.com,Mark,Hogan,Malibu Ceramic Works,https://www.linkedin.com/in/markneilhogan,,Mark Hogan
jodinicole@malibuceramicworks.com,Jodi,Nicole Breslow,Malibu Ceramic Works,https://www.linkedin.com/in/jodi-nicole-breslow-ab6a3913,,Jodi Nicole Breslow
steve@mcintyretile.com,Steve,Johnson,McIntyre Tile,https://www.linkedin.com/in/steve-johnson-7a6a05b,,Steve Johnson
mringer@mediterratile.com,Morgan,Ringer,Mediterra Tile,https://www.linkedin.com/in/morgan-ringer-127ab93a,,Morgan Ringer
pepe@quemeredesigns.com,Pepe,Noriega Biggio,Quemere Designs,https://www.linkedin.com/in/pepe-noriega-biggio-b75a32182,,Pepe Noriega Biggio
josh@syzygytile.com,Josh,White,Syzygy Tileworks,,,Josh White
kstetler@rookwood.com,Katelyn,Stetler,The Rookwood Pottery,https://www.linkedin.com/in/katelyn-stetler-ab633753,,Katelyn Stetler
lzinno@rookwood.com,Lindsey,Zinno,The Rookwood Pottery,https://www.linkedin.com/in/lindseyzinno,,Lindsey Zinno
katia@thetileworks.org,Katia,McGuirk,The Tileworks of Bucks County,https://www.linkedin.com/in/katia-mcguirk-8453tilenerd,,Katia McGuirk
mike@uds-az.com,Mike,Harkin,Unique Design Solutions,,,Mike Harkin
denny@ralartmosaic.com,Denny,He (Ralart Mosaic),Aixin Tech.Co,https://www.linkedin.com/in/dennyhe,,Denny He (Ralart Mosaic)
jterry@andeanstonecompany.com,John,Terry,Andean Stone Company- Simpatico Surfaces,https://www.linkedin.com/in/john-terry-5b1046213,,John Terry
perry_liu@bestviewintl.com,Perry,Liu,Bestview International,https://www.linkedin.com/in/perry-liu-a2215118,,Perry Liu
exports@bluetoneceramic.com,Jayesh,Desai,Bluetone Ceramic,https://in.linkedin.com/in/jayesh-desai-1920b830,,Jayesh Desai
silvia@granitifavorita.com,Silvia,Conterno,Favorita Marmi e Graniti,https://www.linkedin.com/in/silvia-conterno-5ba96176,,Silvia Conterno
jabad@graiman.com,Juan,Fernando Abad,Graiman CIA Ltda,https://www.linkedin.com/in/juan-fernando-abad-8031ab102,,Juan Fernando Abad
jpiedra@graiman.com,Juan,Andrés Piedra Salas,Graiman CIA Ltda,https://www.linkedin.com/in/juan-andrés-piedra-salas-a20aa583,,Juan Andrés Piedra Salas
john@haussmannstone.com,Jean,Yves Renaud,Haussmann Natural Stone,https://www.linkedin.com/in/jyrenaud,,Jean Yves Renaud
eveline@homeemosaic.com,Eveline,Jiang,Homee Foshan CO .LTD,https://www.linkedin.com/in/homeemosaictile,,Eveline Jiang
cindy@homeemosaic.com,Cindy,Zhang / Glass Mosaic Factory /,Homee Foshan CO .LTD,https://www.linkedin.com/in/homeemosaic-cindyzhang,,Cindy Zhang / Glass mosaic factory /
william.dumais@ibelceramics.com,William,Dumais,Ibel,https://ca.linkedin.com/in/william-dumais-792758144,,William Dumais
prakash.jha@itaca.in,Prakash,Jha,Itaca Ceramic,https://www.linkedin.com/in/prakash-jha-6b022934,,Prakash Jha
biju@exxarotiles.com,Biju,Pk,Itaca Ceramic,https://www.linkedin.com/in/biju-pk-538891230,,Biju pk
mehul@italicatiles.com,Mehul,Koringa,Italica Tiles,https://www.linkedin.com/in/mehul-koringa-5117ba227,,Mehul Koringa
patricia@jeffreycourt.com,Patty,Garcia De Alba,Jeffrey Court,https://www.linkedin.com/in/pgda,,Patty Garcia De Alba
andrew@jeffreycourt.com,Andrew,Casanova,Jeffrey Court,https://www.linkedin.com/in/andrew-casanova-03a86118,,Andrew Casanova
sd@udla.edu.ec,Santiago,Delgado,Keramicos,https://www.linkedin.com/in/santiago-delgado-95428a10,,Santiago Delgado
mbastas@keystonetile.com,Matt,Bastas,Keystone Tile,https://www.linkedin.com/in/matt-bastas-1b2347131,,Matt Bastas
jairibar@porcemall.com,Jon,Ander De Iribar,Porcemall USA,,,Jon Ander De Iribar
vivi@sunpower.id,Vidya,Damayanti,PT. Sun Power Ceramics,https://www.linkedin.com/in/vidya-damayanti-739279238,,Vidya Damayanti
herdyanto@sunpower.id,Herdyanto,Herdyanto,PT. Sun Power Ceramics,https://www.linkedin.com/in/herdyanto-herdyanto-3421b517a,,Herdyanto Herdyanto
k.ozcan@qua.com.tr,Kadi,R Özcan,QUA,https://www.linkedin.com/in/kadi̇r-özcan-3b83039a,,Kadi R Özcan
y.erdogan@qua.com.tr,Yasin,Erdoğan,QUA,https://www.linkedin.com/in/yasinerdogan,,Yasin Erdoğan
katty.carranza@lamosa.com,Katty,Carranza,Roca,https://www.linkedin.com/in/katty-carranza,,KATTY CARRANZA
jorge.torres@rocatileusa.com,Jorge,Torres,Roca,https://www.linkedin.com/in/jorge-torres-5b416a11,,Jorge Torres
bagran@stonepartnership.com,Bob,Agran,Stone Partnership,,,Bob Agran
tstover@stovers.com,Tim,Stover,Stover's,https://www.linkedin.com/in/tim-stover-77180132,,Tim Stover
brianh@style-access.com,Brian,Huezo,StyleAccess,https://www.linkedin.com/in/brianhuezo,,Brian Huezo
kamil@tarmakusa.com,Kamil,Koc,Tarmak USA,https://www.linkedin.com/in/kamil-koc-247493199,,Kamil Koc
tbm@terrabellamarble.com,Carol,Friend,Terra Bella,https://www.linkedin.com/in/carol-friend-ab722713,,Carol Friend
mehul@winasaceramica.com,Mehul,Kamani,Winasa Ceramica,https://www.linkedin.com/in/mehul-kamani-26baa785,,Mehul Kamani
kishan@winasaceramica.com,Kishan,Ghodasara,Winasa Ceramica,https://www.linkedin.com/in/winasa-ceramica,,Kishan Ghodasara
j.gerhardts@erfurt.com,Jessica,Gerhardts,Erfurt & Sohn,https://www.linkedin.com/in/jessica-gerhardts-221a02259,,Jessica Gerhardts
carly.laking@esselleretail.com,Carly,Laking,Esselle Retail,https://www.linkedin.com/in/carly-laking-6b715733,,Carly Laking
rt@hohenberger-wallcoverings.com,Ralf,Taubert,Hohenberger Manufaktur,,,Ralf Taubert
v.bratikov@kt-exclusive.com,Vladyslav,Bratikov,KT Exclusive,https://www.linkedin.com/in/vladyslav-bratikov-1512a793,,Vladyslav Bratikov
diener@marburg.com,Felix,Diener,Marburger Tapetenfabrik J.B. Schaefer,https://www.linkedin.com/in/felix-diener-5400241a,,Felix Diener
michalski@marburg.com,Zbigniew,Michalski,Marburger Tapetenfabrik J.B. Schaefer,https://www.linkedin.com/in/zbigniew-michalski-5531a8227,,Zbigniew Michalski
tine.coopman@grandecogroup.com,Tine,Coopman,The Wallfashion House,https://www.linkedin.com/in/tinecoopman,,Tine Coopman
koen.callewaert@grandecogroup.com,Koen,Callewaert,The Wallfashion House,https://www.linkedin.com/in/koen-callewaert-a294a214a,,Koen Callewaert
k.tratz@franken-schotter.de,Karl,Tratz,Franken Schotter,,,Karl Tratz
mirko.nizetic@jadrankamen.hr,Mirko,Nižetić,Jadrankamen,https://hr.linkedin.com/in/mirko-ni%C5%BEeti%C4%87-83642848,,Mirko Nižetić
dcroteau@stoneyard.com,David,Croteau,Stoneyard,https://www.linkedin.com/in/david-croteau-937a617,,DAVID CROTEAU
amcgarry@stoneyard.com,Aimee,McGarry,Stoneyard,https://www.linkedin.com/in/aimee-mcgarry-410a917,,Aimee McGarry
