"company","aliases","country","exhibition","pavilion","stand","listings","flag"
"4Corners","","Ukraine","Salone Internazionale del Mobile","05","A23 A25","1",""
"A lot of Brasil","","Brazil","Salone Internazionale del Mobile","24","D16","1",""
"A.A.T.C","","Italy","Salone Internazionale del Mobile","15","A09","1",""
"Acerbis","","Italy","Salone Internazionale del Mobile","24","C14 D19","1",""
"Acheruntiaglass srl","","Italy","Salone Internazionale del Mobile","05","A22","1",""
"ADD Rest","","Romania","Salone Internazionale del Mobile","07","D03","1",""
"Adorea Cappelletti","","Italy","Salone Internazionale del Mobile","13","D18","1",""
"Agal Decor Co. Ltd.","Able Interior Workshop Co. Ltd","Thailand","Salone Internazionale del Mobile","07","D10","2","SHARED_STAND_CHECK"
"Akante","","France","Salone Internazionale del Mobile","07","C23","1",""
"Alberto Dias Barbosa lda","","Portugal","Salone Internazionale del Mobile","13","D23","1",""
"Alexandra","","Spain","Salone Internazionale del Mobile","14","B30","1",""
"Alivar srl","","Italy","Salone Internazionale del Mobile","18","D04","1",""
"Altacom","Arsenale sas di Mucelli Angelo & C.","Italy","Salone Internazionale del Mobile","07","D16","2","SHARED_STAND_CHECK"
"Ancona Grupa d.o.o.","","Croatia","Salone Internazionale del Mobile","03","D01","1",""
"Andrea Bizzotto spa","","Italy","Salone Internazionale del Mobile","05","A09","1",""
"Angelo Monzio Compagnoni 1951 sas di Marco Monzio Compagnoni & C.","","Italy","Salone Internazionale del Mobile","01","B28","1",""
"Animovel","Anibal Carneiro Barbosa lda","Portugal","Salone Internazionale del Mobile","05","A18","2","SHARED_STAND_CHECK"
"Annibale Colombo srl","","Italy","Salone Internazionale del Mobile","13","C02 C04","1",""
"APcollection srl","","Belgium","Salone Internazionale del Mobile","18","A01 B02","1",""
"Arcahorn srl","","Italy","Salone Internazionale del Mobile","15","A06","1",""
"Archetypo srl","Arte di Murano","Italy","Salone Internazionale del Mobile","15","B28","2","SHARED_STAND_CHECK"
"Arflex","","Italy","Salone Internazionale del Mobile","09","B05 C06","1",""
"Armando Rho srl","","Italy","Salone Internazionale del Mobile","15","B31","1",""
"Arte Brotto Mobili srl","","Italy","Salone Internazionale del Mobile","14","D47","1",""
"Arte Veneziana","Arte Veneziana Arredo srl","Italy","Salone Internazionale del Mobile","15","B16","2",""
"Arteinmotion","Arteinmotion di Panciroli Carlo & C snc","Italy","Salone Internazionale del Mobile","05","A34","2",""
"Artifort","","Netherlands","Salone Internazionale del Mobile","22","B39","1",""
"Artisan d.o.o.","","Bosnia and Herzegovina","Salone Internazionale del Mobile","18","C01","1",""
"Artu","","Poland","Salone Internazionale del Mobile","18","C10","1",""
"Asnaghi Interiors srl","Asnaghi Interiors Design ; Asnaghi Interiors The Art of The  Italian Style Furniture Since 1916","Italy","Salone Internazionale del Mobile","15","B37","3",""
"Atelye Kepi Dek. ve Mob. San. Tic. Ltd. Sti","","Turkey","Salone Internazionale del Mobile","01","A27","1",""
"Audo Copenhagen","","Denmark","Salone Internazionale del Mobile","09","F03 G02","1",""
"B.Home Interiors srl","","Italy","Salone Internazionale del Mobile","13","D42","1",""
"Bamax srl","","Italy","Salone Internazionale del Mobile","13","C19","1",""
"BelCor Interiors srl","","Italy","Salone Internazionale del Mobile","15","B18","1",""
"Bellotti Ezio Arredamenti srl","Bel Mondo by Bellotti Ezio","Italy","Salone Internazionale del Mobile","13","C23","2",""
"Bensen srl","","Italy","Salone Internazionale del Mobile","14","D32","1",""
"Bianco Cave by Fato Stone","","Italy","Salone Internazionale del Mobile","05","A38","1",""
"Biliardi MBM srls","","Italy","Salone Internazionale del Mobile","03","D19","1",""
