"company","website","email","phone","country","city","zip","street","halls","categories","subcategories","products","rewrite_id","verdict","why","studio"
"ABC Italia S.r.l.","www.abcitalia.net","info@abcitalia.net","+39 0377 464311","Italy","Milano","20122","Via Borgogna 7","3.1","Carpets & Rugs","Fitted Carpets","5","abc-italia-srl","take","Carpets & Rugs","rugs"
"Achal Amit & Co.","www.achalamit.com","agra@achalamit.in","+91 98371 23902","India","Agra","282002","105, Nehru Nagar","11.0","Bed, Bath & Living | Carpets & Rugs","Bath mats | Fitted Carpets","5","achal-amit--co","review","rug export house, confirm it sells to end buyers and not only to importers","rugs"
"A.G.M. S.r.l.","www.agmsrl.biz","agm@agminks.com","+39 0321 886105","Italy","Tornaco","28070","Via G. Oberdan 48","3.0","Wall Decoration","Colours, varnish | Wallpapers","5","agm-srl","take","Wall Decoration","wallpaper"
"Akara","www.akararugs.in","info@akararugs.in","+91 96191 19619","India","Thane","421302","Arihant Commercial Complex, Purna Gala No. 101-111, Building No. 40 Thane-Bhiwandi Road, Purna","11.0","Bed, Bath & Living | Carpets & Rugs","Bath mats | Fitted Carpets","5","akara","review","rug export house, confirm it sells to end buyers and not only to importers","rugs"
"A. L. Home","","","","India","Jaipur","302022","E-104 Sitapura Industrial Area Second Floor","12.0","Decorative & Furniture Fabrics | Carpets & Rugs","Decorative cushions | Fitted Carpets","0","a-l-home","review","rug export house, confirm it sells to end buyers and not only to importers","rugs"
"Ali Arts","https://www.aliarts.in/","teesonsgroup@aol.com","+91 79771 26924","India","Post, Aurai, Distt. Bhadohi","221301","Sadar Road Ghosia","12.0","Carpets & Rugs","Fitted Carpets","5","ali-arts","review","rug export house, confirm it sells to end buyers and not only to importers","rugs"
"ANSARI FLOOR RUGS","http://ansari.net.in/","ansarifloor@yahoo.co.uk","+91 98385 13330","India","Bhadohi","221401","Noorkhanpur","12.0","Carpets & Rugs","Fitted Carpets","5","ansari-floor-rugs","review","rug export house, confirm it sells to end buyers and not only to importers","rugs"
"ARTEX HOME FASHIONS","www.artexhomefashions.com","vineet@artexhomefashions.com","","India","Panipat","132103","64, Sec-29 Part-II, Huda","8.0","Carpets & Rugs","Fitted Carpets","5","artex-home-fashions","review","rug export house, confirm it sells to end buyers and not only to importers","rugs"
"Artline Creation","www.artlinecreation.com","sk-exports@vikramcarpets.com","+91 94522 13145","India","Mirzapur, Uttar Pradesh","231001","Natwa, Artline Creation, Sadar, Jangi Road","12.0","Carpets & Rugs","Carpeting, flooring | Fitted Carpets","5","artline-creation","review","rug export house, confirm it sells to end buyers and not only to importers","rugs"
"A.S. Création Tapeten AG","www.as-creation.com","contact@as-creation.de","+49 2261 5420","Germany","Gummersbach","51645","Südstr. 47","3.0","Wall Decoration","Wallpapers","0","as-cration-tapeten-ag","take","Wall Decoration","wallpaper"
"Aspinwall And Company Limited","www.aspinwall.in","rajesh.kartha@aspinwall.in","+91 77367 29225","India","Kochi","682003","Subramaniyam Road, Willingdon Island Eranakulam","12.1","Carpets & Rugs","Carpeting, flooring | Door mats and clean-off systems","5","aspinwall-and-company-limited","review","rug export house, confirm it sells to end buyers and not only to importers","rugs"
"Auskin Europe Pty. Ltd.","www.fibrebyauskin.com","","+49 4431 7094003","Germany","Wildeshausen","27793","Kirchstraße 6","5.1","Decorative & Furniture Fabrics | Carpets & Rugs","Decorative cushions | Fitted Carpets","5","auskin-europe-pty-ltd","take","Carpets & Rugs","rugs"
"Avison Crafts","","","","India","Bhadohi","221401","Bazar Salabat Khan","12.0","Carpets & Rugs","Fitted Carpets","0","avison-crafts","review","rug export house, confirm it sells to end buyers and not only to importers","rugs"
"Balta Industries NV","www.baltagroup.com","info@baltagroup.com","+32 474 98 41 48","Belgium","Wielsbeke","8710","Wakkensteenweg 2","3.1","Carpets & Rugs","Fitted Carpets","5","balta-industries-nv","take","Carpets & Rugs","rugs"
"Bhajana Home Decor Private Limited","www.bhajana.com","info@bhajana.net","+91 99967 88885","India","Panipat","132103","Plot No 71, Sector - 29, Part - II, Huda","12.0","Carpets & Rugs","Fitted Carpets","5","bhajana-home-decor-private-limited","review","rug export house, confirm it sells to end buyers and not only to importers","rugs"
"Broucks NV","www.broucks.com","","","Belgium","Anzegem","8570","Vichteplaats 64","3.1","Carpets & Rugs | Functional features","Fitted Carpets | Recyclability","5","broucks-nv","take","Carpets & Rugs","rugs"
"Caps Decor","","","","India","Panipat","132103","Plot 122 Sector 29, Part-1","12.0","Smart Bedding | Carpets & Rugs","Duvets and pillows | Fitted Carpets","5","caps-decor","review","rug export house, confirm it sells to end buyers and not only to importers","rugs"
"Chene De L'est Sasu","www.chenedelest.eu","","","France","Hambach","57910","24 Rue De La Fontaine","3.0","Flooring & Equipment","Parquet | Wooden floors","5","chene-de-lest-sasu","take","Flooring & Equipment","rugs"
"Chinar International","https://www.chinarinternational.com/","info@chinarinternational.com","+91 98110 58696","India","Noida","201301","C-153, Sector-63 Gautam Budh Nagar","12.0","Carpets & Rugs","Fitted Carpets","0","chinar-international","review","rug export house, confirm it sells to end buyers and not only to importers","rugs"
"Choudhary Exports","www.choudharyexports.com","rugs@choudharyexports.com","","India","Jaipur","302021","D-12 Hanuman Nagar Vaishali Nagar","11.0","Carpets & Rugs","Fitted Carpets","5","choudhary-exports","review","rug export house, confirm it sells to end buyers and not only to importers","rugs"
"Claire Louise Designs","www.clairelouisedesigns.co.uk","claire@clairelouisedesigns.co.uk","+44 7403 114641","Great Britain and Northern Ireland","Bury","BL8 3HB","58 Bury Road","4.2","Wall Decoration | Textile Design","Design studio | Wallpapers","0","claire-louise-designs","take","Wall Decoration","wallpaper"
"Classic Collection","","info@indianartgallery.in","+91 73552 07570","India","Bhadohi, Sant Ravidas Nagar","221401","Chauri Road Phase-1, Sector-A-E-1-5, Carpet City","11.0","Carpets & Rugs","Carpeting, flooring","0","classic-collection","review","rug export house, confirm it sells to end buyers and not only to importers","rugs"
"Craftex India Textiles LLP","www.craftexindia.com","anirudh@craftexindia.com","+91 1251 271 605","India","Dist. Jhajjar Haryana","124104","18 KM Bahadurgarh-Jhajjar Road,#SH 22 V.P.O. Kablana","11.0","Bed, Bath & Living | Carpets & Rugs","Bath mats | Fitted Carpets","5","craftex-india-textiles-llp","review","rug export house, confirm it sells to end buyers and not only to importers","rugs"
"Decoprint N.V.","www.decoprintwallcoverings.com","geraldine.debruyne@deco-print.be","+32 52 44 78 11","Belgium","Zele","9240","Dommekensstraat 2","3.0","Wall Decoration","Wallpapers","0","decoprint-nv","take","Wall Decoration","wallpaper"
"DESIGN TEX","www.designtex.co.in","sarthak@designtex.co.in","+91 95557 00002","India","Panipat","132103","Plot No. 329, Sector 29, Part II, Huda","8.0","Bed, Bath & Living | Carpets & Rugs","Bath mats | Fitted Carpets","5","design-tex","review","rug export house, confirm it sells to end buyers and not only to importers","rugs"
"DHINGRA EXPORTS","www.dhingraexport.in","info@dhingraexport.in","+91 97289 00036","India","Panipat","132103","E-37 Old Industrial Area, Behind Hali Park","8.0","Bed, Bath & Living | Carpets & Rugs","Blankets | Fitted Carpets","5","dhingra-exports","review","rug export house, confirm it sells to end buyers and not only to importers","rugs"
"Dream Collections","www.dreamcollections.net","rachin@dreamcollections.net","+91 98120 29977","India","Haryana","132103","E-9 Old Industrial Area Panipat","12.0","Bed, Bath & Living | Carpets & Rugs","Decorative cushions | Fitted Carpets","5","dream-collections","review","rug export house, confirm it sells to end buyers and not only to importers","rugs"
"Esselle Retail Limited","","","","Great Britain and Northern Ireland","Rossendale","BB4 7LY","The Old Town Hall, Spinning Point Bacup Road Rawtenstall","3.0","Wall Decoration | Window & Interior Decoration","Curtains | Wallpapers","5","esselle-retail-limited","take","Wall Decoration","wallpaper"
"Euro-Tapis b.v.","www.eurotapis.com","info@eurotapis.be","","Belgium","Waregem","8791","Courtensstraat 1","3.1","Carpets & Rugs","Fitted Carpets","5","nv-euro-tapis","take","Carpets & Rugs","rugs"
"Exmart International Pvt. Ltd.","www.exmartinternational.com","rajeshjain953@gmail.com","+91 98100 69325","India","Noida","201310","D-21 & 22 Epip, Kasna Gautam Budh Nagar","12.0","Carpets & Rugs","Fitted Carpets","4","exmart-international-pvt-ltd","review","rug export house, confirm it sells to end buyers and not only to importers","rugs"
"FAB LIVING","","info@fabliving.co.in","+91 98292 36811","India","Panipat","132103","Dewana Road, Sewha Adjoining Radha Swami Satsang Hall","12.0","Smart Bedding | Carpets & Rugs","Duvets and pillows | Fitted Carpets","4","fab-living","review","rug export house, confirm it sells to end buyers and not only to importers","rugs"
"Farrow & Ball","www.farrow-ball.com","b2b.marketing@farrow-ball.com","","Great Britain and Northern Ireland","Wimborne","BH21 7NL","Uddens Industrial Estate","3.0","Wall Decoration","Colours, varnish | Wallpapers","0","farrow--ball-ltd-deutschland","take","Wall Decoration","wallpaper"
"Fiber N Loom Private Limited","www.fibernloom.com","info@fibernloom.com","+91 91991 03339","India","Varanasi, Uttar Pradesh","221010","Po - Bhullanpur, Manduadih Gopal Bagh, Bhelupur Pac","12.0","Carpets & Rugs","Fitted Carpets","5","fiber-n-loom-private-limited","review","rug export house, confirm it sells to end buyers and not only to importers","rugs"
"Fibre World","","neena@fibreworldindia.com","+91 478 286 1287","India","Alleppey, Kerala","688012","P.B. No. 4643, Cullen Road","12.0","Carpets & Rugs","Door mats and clean-off systems | Fitted Carpets","5","fibre-world","review","rug export house, confirm it sells to end buyers and not only to importers","rugs"
"Floor Arts","","flooraarts@gmail.com","","India","Bhadohi","221401","0, Kashipur, Daropur","12.0","Carpets & Rugs","Carpeting, flooring | Fitted Carpets","0","floor-arts","review","rug export house, confirm it sells to end buyers and not only to importers","rugs"
"Floor Decor","www.floordecor.in","rajmathew@floordecor.in","+91 94474 82664","India","Thoothukudi","628103","Theri Road 6/107w/1 Servaikaranmadam","12.0","Carpets & Rugs","Carpeting, flooring | Door mats and clean-off systems","5","floor-decor","review","rug export house, confirm it sells to end buyers and not only to importers","rugs"
"Flora International","","varun.jain@spjgroup.in","+91 98120 35072","India","Panipat","132103","Plot-17, Sector-25, Part-2, Huda","12.0","Bed, Bath & Living | Carpets & Rugs","Bath mats | Fitted Carpets","5","flora-international","review","rug export house, confirm it sells to end buyers and not only to importers","rugs"
"friedola 1888 GmbH","www.friedola1888.de","evamaria.kuehler@friedola.com","+49 5651 303500","Germany","Meinhard","37276","Topfmühle 1","3.0","Bed, Bath & Living | Carpets & Rugs","Carpeting, flooring | Table, kitchen linen and foils","5","friedola-1888-gmbh","take","Carpets & Rugs","rugs"
"Gila Mirzai","www.mirzai.de","info@mirzai-carpets.com","+49 40 37517828","Germany","Hamburg","20457","Brook 4","3.0","Carpets & Rugs","Fitted Carpets","0","gila-mirzai","take","Carpets & Rugs","rugs"
"Global Rug Company","www.globalrugcompany.com","info@globalrugcompany.com","+91 87260 51782","India","Bhadohi","221401","Mahboobpur By Pass Road Mehboobpur","12.0","Carpets & Rugs","Carpeting, flooring | Fitted Carpets","5","global-rug-company","review","rug export house, confirm it sells to end buyers and not only to importers","rugs"
"Goel Carpets And Handicrafts","","","","India","Agra","282004","20/121, Jamuna Kinara Rd","12.0","Carpets & Rugs","Fitted Carpets","0","goel-carpets-and-handicrafts","review","rug export house, confirm it sells to end buyers and not only to importers","rugs"
"Gokal Exports","","","","India","Panipat","132103","65 Street No. 6, Des Raj Colony","12.0","Bed, Bath & Living | Carpets & Rugs","Blankets | Fitted Carpets","5","gokal-exports","review","rug export house, confirm it sells to end buyers and not only to importers","rugs"
"Gold Berry","www.rugsbygoldberry.com","info@rugsbygoldberry.com","+91 95607 00035","India","New Delhi","110063","294 Paschim Vihar Extension 1st Floor","12.0","Carpets & Rugs","Fitted Carpets","0","gold-berry","review","rug export house, confirm it sells to end buyers and not only to importers","rugs"
"Golden Coir Tufts","www.goldencoirtufts.com","chandru@goldencoirtufts.com","+91 96555 09697","India","Coimbatore","642004","Akilandapuram Post, Pollachi SF No: 57/1A1, Singanallur","12.0","Carpets & Rugs","Carpeting, flooring | Door mats and clean-off systems","5","golden-coir-tufts","review","rug export house, confirm it sells to end buyers and not only to importers","rugs"
"William Goodacre & Sons India Pvt. Ltd.","www.karan-group.com","","+91 477 224 3662","India","Alleppey","688012","XVIII Revi Karuna Karan Road","12.0","Carpets & Rugs","Door mats and clean-off systems | Fitted Carpets","5","william-goodacre--sons-india-pvt-ltd","review","rug export house, confirm it sells to end buyers and not only to importers","rugs"
"Great Eastern Processors Private Limited","https://greateasternprocessors.com","sopan@greateasternprocessors.com","+91 98023 00019","India","Panipat","132103","Plot No. 19, Risalu Road","12.0","Bed, Bath & Living | Carpets & Rugs","Decorative cushions | Fitted Carpets","0","great-eastern-processors-private-limited","review","rug export house, confirm it sells to end buyers and not only to importers","rugs"
"Gupta Creations","","raman@guptacreations.co.in","+91 90348 67029","India","Panipat","132103","No. 37, Sec-12, Huda, G.T. Road","12.0","Smart Bedding | Carpets & Rugs","Duvets and pillows | Fitted Carpets","5","gupta-creations","review","rug export house, confirm it sells to end buyers and not only to importers","rugs"
"Gupta International","www.guptainternational.com","rajeshgupta@guptainternational.com","+91 98961 11666","India","Panipat","132103","Pasina Khurd Road, Village Siwah","8.0","Bed, Bath & Living | Carpets & Rugs","Bath mats | Fitted Carpets","5","gupta-international","review","rug export house, confirm it sells to end buyers and not only to importers","rugs"
"Hafizia Art and Crafts Private Limited","www.hafizia.com","umair@hafizia.com","+91 5862 270 498","India","Sitapur","261001","785, Pakka Bagh, Old City","11.0","Carpets & Rugs","Fitted Carpets","5","hafizia-art-and-crafts-private-limited","review","rug export house, confirm it sells to end buyers and not only to importers","rugs"
"Haley Studios Ltd.","www.haleystudios.com","richard@haleystudios.com","+44 1484 386813","Great Britain and Northern Ireland","Brighouse, West Yorkshire","HD6 3SA","12 Toothill Avenue","4.2","Wall Decoration | Textile Design","Design studio | Wallpapers","0","haley-studios-ltd","take","Wall Decoration","wallpaper"
"Bikaner Handloom Carpets","www.mmwool.com","india@mmwool.com","+91 98292 17022","India","Bikaner","334001","Near Sabji Mandi Pugal Road","12.0","Carpets & Rugs","Fitted Carpets","0","bikaner-handloom-carpets","review","rug export house, confirm it sells to end buyers and not only to importers","rugs"
"Hanse Home Collection GmbH","www.hanse-home.com","info@hanse-home.com","+49 4121 8301640","Germany","Elmshorn","25335","Max-Planck-Str. 10","3.1","Carpets & Rugs","Fitted Carpets","5","hanse-home-collection-gmbh","take","Carpets & Rugs","rugs"
"Harish International","www.harishinternational.com","harish@harishinternational.com","+91 95809 29696","India","Bhadohi","221401","Civil Lines Power House Road","12.0","Carpets & Rugs","Fitted Carpets","0","harish-international","review","rug export house, confirm it sells to end buyers and not only to importers","rugs"
"W. Heino, ältestes Versandgeschäft von Erzeugnissen der Lüneburger Heide e.Kfm.","wheino.de","k.brockmann@wheino.de","+49 5193 4021","Germany","Schneverdingen","29640","Lünzmühlen 1","3.0","Decorative & Furniture Fabrics | Carpets & Rugs","Decorative cushions | Pelt","5","w-heino-aeltestes-versandgeschaeft-von-erzeugnissen-der-lueneburger-heide-ekfm","take","Carpets & Rugs","rugs"
"Heritage Overseas","www.heritageoverseas.in","mail@heritageoverseas.in","+91 94160 16889","India","Panipat","132103","Plot No. 659, Sec 29 (Part II), Huda","11.0","Carpets & Rugs","Fitted Carpets","5","heritage-overseas","review","rug export house, confirm it sells to end buyers and not only to importers","rugs"
"Hofmann Handtuft-Technik GmbH","www.hofmann-handtuft.de","info@hofmann-handtuft.de","+49 9081 29270","Germany","Nördlingen","86720","An der Lach 27","3.1","Textile Technology | Carpets & Rugs","Digital print technology | Fitted Carpets","5","hofmann-handtuft-technik-gmbh","take","Carpets & Rugs","rugs"
"Home Creations","www.homecreations.in","home@homecreations.in","+91 98711 95556","India","Noida","201301","Gautham Budh Nagar B-72, Sector-57","12.0","Bed, Bath & Living | Carpets & Rugs","Fitted Carpets | Table, kitchen linen and foils","5","home-creations","review","rug export house, confirm it sells to end buyers and not only to importers","rugs"
"Home Flooring & Decor Pvt Ltd","www.rizwanexporthouse.com","habib@hfdrugs.com","","India","Bhadohi","221303","Puregulab, Gopiganj","12.0","Carpets & Rugs","Carpeting, flooring | Fitted Carpets","0","home-flooring--decor-pvt-ltd","review","rug export house, confirm it sells to end buyers and not only to importers","rugs"
"Home Rugs Creation","","","","India","Panipat","132103","18/8/2-9/1-19/2/1 Home Rugs Creation, Mohit Nagar Barsat Road","12.0","Bed, Bath & Living | Carpets & Rugs","Bath mats | Fitted Carpets","5","home-rugs-creation","review","rug export house, confirm it sells to end buyers and not only to importers","rugs"
"Honda Technology Development Limited","","anna@hongkwang.com.hk","+852 2790 9086","Hong Kong","Tsuen Wan, N.T.","999077","Room H01, Blk EH, 10/F., Golden Bear Ind Ctr., 66-82 Chai Wna Kok St","8.0","Bed, Bath & Living | Carpets & Rugs","Bed linen | Door mats and clean-off systems","0","honda-technology-development-limited","take","Carpets & Rugs","rugs"
"HOUSE OF RUGGEN","www.ruggen.in","info@ruggen.in","+91 70607 69129","India","Bhadohi","221402","","12.0","Carpets & Rugs","Fitted Carpets","0","house-of-ruggen-pvt-ltd","review","rug export house, confirm it sells to end buyers and not only to importers","rugs"
"Indian Art Gallery","","suhail@indianartgallery.in","+91 94152 01423","India","Bhadohi, Uttar Pradesh","221401","Chauri Road Carpet City","11.0","Carpets & Rugs","Carpeting, flooring","5","indian-art-gallery","review","rug export house, confirm it sells to end buyers and not only to importers","rugs"
"Indian Carpet Centre","www.icchomes.com","info@icchomes.com","+91 93120 55162","India","New Delhi","110017","Adhchini 3A Sri Aurobindo Marg, New Delhi","12.0","Carpets & Rugs","Fitted Carpets","4","indian-carpet-centre","review","rug export house, confirm it sells to end buyers and not only to importers","rugs"
"Inivek Pte. Ltd.","","","","Singapore","Singapore","398007","#01-01 Mountbatten Road 229","8.0","Carpets & Rugs","Carpeting, flooring | Fitted Carpets","0","inivek-pte-ltd","take","Carpets & Rugs","rugs"
"JAMILA ARTS","www.jamilaarts.com","sales@jamilaarts.com","+91 98390 34600","India","Bhadohi","221401","E3, Plot No.01 & 02, Carpet City Bida","12.0","Carpets & Rugs","Fitted Carpets","0","jamila-arts","review","rug export house, confirm it sells to end buyers and not only to importers","rugs"
"J. R. Exports Pvt Ltd","www.jr-india.com","jrvns@jr-india.com","+91 98390 58300","India","Varanasi","221010","B-37/54-20 Girinagar Colony","12.0","Carpets & Rugs","Fitted Carpets","0","j-r-exports-pvt-ltd","review","rug export house, confirm it sells to end buyers and not only to importers","rugs"
"Kaaha Overseas","www.kaahaoverseas.com","","+91 99915 00010","India","Panipat","132103","Plot No-88 Sector-25 Part-1 Huda","12.0","Decorative & Furniture Fabrics | Carpets & Rugs","Decorative cushions | Fitted Carpets","5","kaaha-overseas","review","rug export house, confirm it sells to end buyers and not only to importers","rugs"
"Kaleidoscope Surface Design Olesja Breuer","http://www.kaleidoscope-sd.com","info@kaleidoscope-sd.com","","Germany","Berlin","12623","Herderstr. 17","4.2","Wall Decoration | Textile Design","Design studio | Wall decoration, wall murals","0","kaleidoscope-surface-design-olesja-breuer","take","Wall Decoration","wallpaper"
"Kansal International","","kansalinternational01@gmail.com","+91 98120 10137","India","Panipat","132103","Plot No. 124 Kansal International Sec-29, Part-1, Huda","12.0","Bed, Bath & Living | Carpets & Rugs","Blankets | Fitted Carpets","5","kansal-international","review","rug export house, confirm it sells to end buyers and not only to importers","rugs"
"KARAN EXPORTS","www.karanexports.com","","","India","Agra","282006","25/6 Old Vijay Nagar Colony","11.0","Carpets & Rugs","Fitted Carpets","0","karan-exports","review","rug export house, confirm it sells to end buyers and not only to importers","rugs"
"Karupannya Rangpur Ltd.","www.karupannya.com.bd","selim@karupannya.com.bd","","Bangladesh","Rangpur","5400","Station Road","12.0","Carpets & Rugs","Fitted Carpets","5","karupannya-rangpur-ltd","review","rug export house, confirm it sells to end buyers and not only to importers","rugs"
"Kav Exports","www.kavexports.in","sanjivekhanna@yahoo.com","+91 93357 38155","India","Bhadohi","221401","Khannapur 36 Civil Lines Road","11.0","Carpets & Rugs","Fitted Carpets","5","kav-exports","review","rug export house, confirm it sells to end buyers and not only to importers","rugs"
"KAV Global","","khanna.shrey20@gmail.com","+91 99560 61491","India","Bhadohi","221401","Civil Lines 36 Power House Road","11.0","Carpets & Rugs","Fitted Carpets","3","kav-global","review","rug export house, confirm it sells to end buyers and not only to importers","rugs"
"Kaysons Exports","","info@achalamit.in","","India","Agra","282002","105 Nehru Nagar","11.0","Bed, Bath & Living | Carpets & Rugs","Bath mats | Fitted Carpets","5","kaysons-exports","review","rug export house, confirm it sells to end buyers and not only to importers","rugs"
"KBM Sp. z o.o.","www.kbm.com.pl","barbara.rotek@kbm.com.pl","+48 44 633 61 26","Poland","Belchatow","97-400","ul. Czyzewskiego 31a","3.0","Wall Decoration","Wallpapering accessories | Wallpapers","5","kbm-sp-z-oo","take","Wall Decoration","wallpaper"
"Theo Keller GmbH","www.theko-collection.com","info@theko-collection.com","+49 2327 308320","Germany","Bochum","44867","Lohackerstr. 30","3.0","Carpets & Rugs","Fitted Carpets","0","theo-keller-gmbh","take","Carpets & Rugs","rugs"
"Kerala Balers Private Limited","www.karan-group.com","mendez@karan-group.com","+91 477 224 3454","India","Alappuzha","688007","Kommady Ward A.S. Road Post Box No. 2823","12.0","Carpets & Rugs","Door mats and clean-off systems | Fitted Carpets","5","kerala-balers-private-limited","review","rug export house, confirm it sells to end buyers and not only to importers","rugs"
"Khanna Carpet Collection","","","","India","Bhadohi","221401","Khannapuri, Civil Lines Road","11.0","Carpets & Rugs","Fitted Carpets","0","khanna-carpet-collection","review","rug export house, confirm it sells to end buyers and not only to importers","rugs"
"King Yarn","www.nirayatk.in","info@niryatak.in","+91 99355 84477","India","Kanpur Nagar","208011","O Block 133/23 Kidwai Nagar","12.0","Carpets & Rugs","Fitted Carpets","5","king-yarn","review","rug export house, confirm it sells to end buyers and not only to importers","rugs"
"KRITI & KUNAL","www.kritiandkunal.com","","","India","Delhi","110092","I P Extension Delhi 2 Madhuvan","4.2","Wall Decoration | Textile Design","Design studio | Wallpapers","0","kriti--kunal","take","Wall Decoration","wallpaper"
"Lalee OHG","www.lalee.de","info@lalee.de","+49 2421 555900","Germany","Düren","52353","Am Langen Graben 28b","3.1","Bed, Bath & Living | Carpets & Rugs","Bath mats | Fitted Carpets","5","lalee-ohg","take","Carpets & Rugs","rugs"
"Lee Design Studio","www.leedesignstudio.kr","lee.studio@hotmail.com","+82 70-7500-5891","Korea, the Republic of (South)","Seoul","02862","Rm. 302, Seongbuk Building 261","4.2","Wall Decoration | Textile Design","Design studio | Wallpapers","0","lee-design-studio","take","Wall Decoration","wallpaper"
"Leo Rugs","https://leorugs.com/","a.hamed@leorugsco.com","+20 100 177 6680","Egypt","10th of Ramadan","3862","Plot 6, between A1 & A6, Industrial Zone","3.1","Carpets & Rugs","Fitted Carpets","5","leo-rugs","review","rug export house, confirm it sells to end buyers and not only to importers","rugs"
"Looms & Knots","www.loomsnknots.com","ashish@loomsnknots.com","+91 90530 02501","India","Karnal","132114","Tehsil Gharaunda, Alipur Khalsa Khasra No. 37/18,19/1,19/2,20/1","12.0","Carpets & Rugs","Fitted Carpets","4","looms--knots","review","rug export house, confirm it sells to end buyers and not only to importers","rugs"
"Maa Collections","www.maacollections.com","info@maacollections.com","","India","Panipat","132103","Plot No. 123, Sec-29, Part-1, Huda Haryana","12.0","Bed, Bath & Living | Carpets & Rugs","Blankets | Fitted Carpets","5","maa-collections","review","rug export house, confirm it sells to end buyers and not only to importers","rugs"
"Mac Carpet","www.maccarpet.com","info@maccarpet.com","+20 55 4499250","Egypt","10th of Ramadan City, Sharkia","44629","Industrial Zone B1-B3","3.1","Bed, Bath & Living | Carpets & Rugs","Bath mats | Door mats and clean-off systems","5","mac-carpet","review","rug export house, confirm it sells to end buyers and not only to importers","rugs"
"Maurya International","www.mauryainternational.com","akshat@mauryainternational.com","+91 90513 44440","India","Bhadohi","221401","Civil Lines, Pakri","12.0","Carpets & Rugs","Carpeting, flooring | Fitted Carpets","4","maurya-international","review","rug export house, confirm it sells to end buyers and not only to importers","rugs"
"millenium floor _ MFX","www.milleniumfloor.net","contact@milleniumfloor.com","","France","Paris","75008","25 Rue De Ponthieu","3.0","Carpets & Rugs","Fitted Carpets","0","sas-mfx","take","Carpets & Rugs","rugs"
"Momina Rugs","www.mominarugs.com","ra@mominarugs.com","+91 98390 34600","India","Bhadohi","221401","E1, Plot No.181 -185 And E3, 3-7, Carpet City, Bida","12.0","Carpets & Rugs","Fitted Carpets","0","momina-rugs","review","rug export house, confirm it sells to end buyers and not only to importers","rugs"
"Moralis Sophie Greta","","","","Belgium","De Haan","8420","Tramlijn-Oost 3","3.1","Carpets & Rugs","Fitted Carpets","5","moralis-sophie-greta","take","Carpets & Rugs","rugs"
"My Home Collections Pvt. Ltd.","www.myhomecollections.com","info@myhomecollections.com","+91 120 432 0911","India","Noida","201305","B-205A, Phase-II Gautambuddha Nagar","8.0","Smart Bedding | Bed, Bath & Living | Carpets & Rugs","Blankets | Decorative cushions | Duvets and pillows | Fitted Carpets","3","my-home-collections-pvt-ltd","review","rug export house, confirm it sells to end buyers and not only to importers","rugs"
"Nangong Jiashuo Fur Co., Ltd.","https://shop1430153730412.1688.com","zhaowenxi@jiashuofur.com","","China","Xingtai Hebei","051800","Nangong Economic Development Zone","8.0","Carpets & Rugs","Fitted Carpets","1","nangong-jiashuo-fur-co-ltd","review","rug export house, confirm it sells to end buyers and not only to importers","rugs"
"Natural Fibre Exports","","","","India","Bhadohi","221401","1103, Gyanpur, Sant Ravidas Nagar","12.0","Carpets & Rugs","Fitted Carpets","0","natural-fibre-exports","review","rug export house, confirm it sells to end buyers and not only to importers","rugs"
"Navkar Home","www.navkarhome.com","info@navkarhome.com","+91 94142 17811","India","Bikaner","334601","A-286, IGC Khara Bikaner","12.0","Carpets & Rugs","Fitted Carpets","7","navkar-home","review","rug export house, confirm it sells to end buyers and not only to importers","rugs"
"Anonymos Viomixaniki Kai Eboriki Etairei Etaireia Adelfoi Nikolaidi AE","www.nikotex.gr","nikotex@nikotex.gr","+30 231 068 4400","Greece","Stavroupoli","564 29","Anthokèpoi Eukarpia","3.1","Carpets & Rugs","Fitted Carpets","4","anonymos-viomixaniki-kai-eboriki-etairei-etaireia-adelfoi-nikolaidi-ae","take","Carpets & Rugs","rugs"
"Nirmal International","www.nirmalintl.com","nirmal@nirmalintl.com","+91 98122 38919","India","Panipat","132103","Near Panipat Toll Plaza . M.A.S.D. Public School Road","12.0","Carpets & Rugs","Fitted Carpets","5","nirmal-international","review","rug export house, confirm it sells to end buyers and not only to importers","rugs"
"Niryatak Handloom Cooperative Socieity Ltd","www.niryatak.in","info@niryatak.in","+91 99355 84477","India","Kanpur","208013","35-A, Shujat Ganj Kanpur Nagar","12.0","Carpets & Rugs","Fitted Carpets","5","niryatak-handloom-cooperative-socieity-ltd","review","rug export house, confirm it sells to end buyers and not only to importers","rugs"
"Norafin Industries (Germany) GmbH","www.norafin.de","kerstin.knorr@norafin.com","","Germany","Mildenau","09456","Gewerbegebiet Nord 3","3.0","Wall Decoration","Wall decoration, wall murals","5","norafin-industries-germany-gmbh","take","Wall Decoration","wallpaper"
"OCI Orient-Carpet-Import GmbH Im- und Export von Orient-Teppichen","www.oci-carpets.de","hj2@oci-carpets.de","+49 160 1573212","Germany","Coesfeld","48653","Stockum 2A","3.0","Carpets & Rugs","Fitted Carpets","0","oci-orient-carpet-import-gmbh-im--und-export-von-orient-teppichen","take","Carpets & Rugs","rugs"
"Onno Raadersma","www.raadersma.com","onno@raadersma.com","+31 6 24652591","Netherlands","Rotterdam","3029 AK","Marconistraat 52","4.2","Wall Decoration | Carpets & Rugs","Carpeting, flooring | Wallpapers","0","onno-raadersma","take","Carpets & Rugs, Wall Decoration","wallpaper"
"Oriental Weavers Carpets Factory","www.orientalweavers.com","owc@orientalweavers.com","+20 2 2672121","Egypt","Cairo","11361","El Shaeed Zakaria Khalil Str. 8","3.1","Carpets & Rugs","Carpeting, flooring","5","oriental-weavers-carpets-factory","review","rug export house, confirm it sells to end buyers and not only to importers","rugs"
"Paliwal Home Furnishings","","parth@paliwalhomefurnishings.com","+91 98120 61623","India","Panipat, Haryana","132103","185, Sector 25, Part-2, Huda","11.0","Bed, Bath & Living | Carpets & Rugs","Bath mats | Fitted Carpets","5","paliwal-home-furnishings","review","rug export house, confirm it sells to end buyers and not only to importers","rugs"
"Parato S.r.l.","www.parato.it","mgruotolo@parato.it","+39 06 928 6331","Italy","Aprilia","04011","Via della Tecnica 28-33","3.0","Wall Decoration","Wallpapers","5","parato-srl","take","Wall Decoration","wallpaper"
"Patodia Exports","","patodiaexports@hands-carpets.com","+91 5414 225 760","India","Bhadohi","221401","Saraiyya Gyanpur Road","11.0","Carpets & Rugs","Fitted Carpets","0","patodia-exports","review","rug export house, confirm it sells to end buyers and not only to importers","rugs"
"Paulig Teppichweberei GmbH","www.paulig1750.de","marketing@paulig.de","+49 9324 982017","Germany","Schwarzach a. Main","97359","Gewerbering-Nord 1","3.0","Carpets & Rugs","Fitted Carpets","5","paulig-teppichweberei-gmbh","take","Carpets & Rugs","rugs"
"Perissa Home Pvt. Ltd.","","kris@perissahome.com","+91 98969 00032","India","Panipat","132103","Shed No. 6 And 9 Village Passina Kalan Tehsil Bapoli","11.0","Carpets & Rugs","Fitted Carpets","5","perissa-home-pvt-ltd","review","rug export house, confirm it sells to end buyers and not only to importers","rugs"
"Pufas Werk KG","www.pufas.de","info@pufas.de","+49 5541 700301","Germany","Hann. Münden","34346","Im Schedetal 1","3.0","Wall Decoration","Colours, varnish","5","pufas-werk-kg","take","Wall Decoration","wallpaper"
"Qayyum Exports","www.qayyumexports.com","info@qayyumexports.com","+91 5414 225 737","India","Bhadohi","221401","Qayyum House, Station Road","12.0","Carpets & Rugs","Fitted Carpets","5","qayyum-exports","review","rug export house, confirm it sells to end buyers and not only to importers","rugs"
"Rafias Prisim Textil S.r.l.","","mirtarafias@gmail.com","+54 9 11 5009-9964","Argentina","Valentin Alsina","B1822DFA","Florida 51","4.1","Wall Decoration","Wallpapers","5","rafias-prisim-textil-srl","take","Wall Decoration","wallpaper"
"Ragolle Rugs NV","www.ragolle.com","info@ragolle.be","+32 56 77 74 79","Belgium","Waregem","8790","Maalbeekstraat 1","3.1","Carpets & Rugs","Fitted Carpets","0","ragolle-rugs-nv","take","Carpets & Rugs","rugs"
"Ramchander Motilal Exim","http://www.rmexim.com/","rmexim@hotmail.com","","India","Jaipur","302003","61 Ramganj Bazar","12.0","Carpets & Rugs","Carpeting, flooring | Fitted Carpets","0","ramchander-motilal-exim","review","rug export house, confirm it sells to end buyers and not only to importers","rugs"
"RE-TREND RUGS","Www.retrendrugs.com","retrendrugs@yahoo.com","+91 96999 78185","India","Bhadohi","221401","Sant Ravidas Nagar, Uttar Pradesh Bhadohi, Nai Bazar","12.0","Carpets & Rugs","Carpeting, flooring","0","re-trend-rugs","review","rug export house, confirm it sells to end buyers and not only to importers","rugs"
"Rudra Rugs","https://rudrarugs.com/","orders@rudrarugs.com","","India","Bhadohi, Uttar Pradesh","221401","Abhiyanpur Chauri Road","11.0","Carpets & Rugs","Fitted Carpets","0","rudra-rugs","review","rug export house, confirm it sells to end buyers and not only to importers","rugs"
"Rugs Creation","www.rugscreation.com","vinay@rugscreation.com","","India","Karnal","132114","Khalsa Tehsil Gharaunda Karnal Plot No. 168, Village Alipur","11.0","Carpets & Rugs","Fitted Carpets","3","rugs-creation","review","rug export house, confirm it sells to end buyers and not only to importers","rugs"
"RUGS Inc.","www.rugsinc.in","pradeep@rugsinc.in","+91 120 415 2869","India","Noida","201301","D-114, 1st and 2nd Floor, Sector-63","12.0","Carpets & Rugs","Fitted Carpets","5","rugs-inc","review","rug export house, confirm it sells to end buyers and not only to importers","rugs"
"Rugs In Style Incorporation","www.rugsinstyle.com","ris@rugsinstyle.com","","India","Ghaziabad","201001","Plot No: 1/65, South Side, G T Road","12.0","Carpets & Rugs","Fitted Carpets","1","rugs-in-style-incorporation","review","rug export house, confirm it sells to end buyers and not only to importers","rugs"
"Rug Weavers","www.rugweavers.co","rugweavers07@gmail.com","+91 87076 69774","India","Bhadohi","221401","Rug Weavers Noorkhanpur","12.0","Carpets & Rugs","Fitted Carpets","1","rug-weavers","review","rug export house, confirm it sells to end buyers and not only to importers","rugs"
"Ruhe Diseno SLU","www.uon-studio.com","hi@uon-studio.com","+34 954 70 92 07","Spain","Sevilla","41018","Avenida San Francisco Javier, 22 Edificio Hermes 4 2","4.2","Wall Decoration | Textile Design","Design studio | Wallpapers","0","ruhe-diseno-slu","take","Wall Decoration","wallpaper"
"Sacli Tekstil San. ve Tic. A.S.","www.sacli.com.tr","sacli@sacli.com.tr","+90 212 619 31 04","Türkiye","Sultangazi /Istanbul","34265","Esentepe Mah. Sehit Esma Akgül Cevik Sok. No: 7","4.2","Bed, Bath & Living | Carpets & Rugs","Blankets | Fitted Carpets","5","sacli-tekstil-san-ve-tic-as","review","rug export house, confirm it sells to end buyers and not only to importers","rugs"
"Sahil Plastic Pvt. Ltd.","www.sahilplastics.com","muzammil.kudia@sahilplastics.com","+91 98207 10317","India","Mumbai, Maharashtra","400013","603/604, Marathon Icon, Marathon","12.0","Bed, Bath & Living | Carpets & Rugs","Fitted Carpets | Products in the outdoor area","5","sahil-plastic-pvt-ltd","review","rug export house, confirm it sells to end buyers and not only to importers","rugs"
"SANDRA JACOBS DESIGN","www.sandrajacobs.nl","info@sandrajacobs.nl","+31 6 10856471","Netherlands","Vught","5264 PJ","Nieuwe Linie 10","4.2","Wall Decoration | Textile Design","Design studio | Wallpapers","0","sandra-jacobs-design","take","Wall Decoration","wallpaper"
"Sapana Polyweave Private Limited","www.sapanamats.com","exports@sapanamats.com","+91 22 6980 3901","India","Mumbai","400063","Off. Western Express Highway F-501,Lotus Corporate Park Highway, Goregaon (East)","12.0","Carpets & Rugs","Fitted Carpets","5","sapana-polyweave-private-limited","review","rug export house, confirm it sells to end buyers and not only to importers","rugs"
"Satar Carpet GmbH","www.satar-carpet.com","satar-carpet@web.de","+49 36809 812","Germany","Hamburg","20457","Brooktorkai 3-4","3.0","Carpets & Rugs","Fitted Carpets","5","satar-carpet-gmbh","take","Carpets & Rugs","rugs"
"Sesli Tekstil San. ve Tic. A.S.","www.sesli.com.tr","hasank@sesli.com.tr","+90 506 469 57 33","Türkiye","Usak","64100","Organize Sanayi Bölgesi 110 Cadde No: 355","4.2","Bed, Bath & Living | Carpets & Rugs","Blankets | Fitted Carpets","5","sesli-tekstil-san-ve-tic-as","review","rug export house, confirm it sells to end buyers and not only to importers","rugs"
"Shaad Brothers","shaadbrothers.com","info@shaadbrothers.com","+91 85878 28381","India","Bhadohi","221401","Near Badi Masjid 1 Qazipur","12.0","Carpets & Rugs","Carpeting, flooring | Fitted Carpets","0","shaad-brothers","review","rug export house, confirm it sells to end buyers and not only to importers","rugs"
"Surya Carpet Pvt. Ltd.","www.surya.com","amar.tiwari@surya.com","+91 98735 52708","India","Bhadohi","221301","Ugapur Aurai","12.0","Carpets & Rugs","Carpeting, flooring | Fitted Carpets","5","surya-carpet-pvt-ltd","review","rug export house, confirm it sells to end buyers and not only to importers","rugs"
"Tex India","www.texindia.net","texindia@texindia.net","","India","Panipat","132103","Plot No. 117, Sector-25, Part-2, Huda","12.0","Bed, Bath & Living | Carpets & Rugs","Bath mats | Fitted Carpets","5","tex-india","review","rug export house, confirm it sells to end buyers and not only to importers","rugs"
"Texo Estilo LLC","www.texoestilo.com","moustafa@texoestilo.com","+20 110 009 0195","Egypt","Giza","3640402","K 26 Alex, Cairo Road, Aburwoash Industrial 42","12.0","Carpets & Rugs | Functional features","Fitted Carpets | Functional features Carpets & Rugs","5","texo-estilo-llc","review","rug export house, confirm it sells to end buyers and not only to importers","rugs"
"Tidwell Living Private Limited","","mayank@tidwellliving.com","+91 99968 00050","India","Panipat, Haryana","132103","Plot No.195, HUDA Sector-29, Part-II","11.0","Bed, Bath & Living | Carpets & Rugs","Bath mats | Fitted Carpets","5","tidwell-living-private-limited","review","rug export house, confirm it sells to end buyers and not only to importers","rugs"
"Tisca Austria GmbH","www.tiscarugs.com","beratung@tiscarugs.com","+43 5550 23110","Austria","Thüringen","6712","Werkstraße 5","3.0","Carpets & Rugs","Fitted Carpets","5","tisca-austria-gmbh","take","Carpets & Rugs","rugs"
"Tissage Meublatex","www.tissage-mx.com","contact.tissage@meublatex.com","+216 98 250 122","Tunisia","Hammam Sousse Medina","4011","Hammam Sousse Route De Tunis 4011","5.0","Bed, Bath & Living | Carpets & Rugs","Fitted Carpets | Terry goods and towelling","5","tissage-meublatex","take","Carpets & Rugs","rugs"
"Travancore Cocotuft Pvt. Ltd.","www.cocotuft.com","mr6@cocotuft.com","","India","Cherthala","688539","CoirPark, Thiruvizha","12.0","Carpets & Rugs | Functional features","Door mats and clean-off systems | Functional features Carpets & Rugs","5","travancore-cocotuft-pvt-ltd","review","rug export house, confirm it sells to end buyers and not only to importers","rugs"
"Trishna Handloom Cooperative Society Ltd","","","+91 99355 84477","India","Kanpur","208013","60 Sujatganj","12.0","Carpets & Rugs","Fitted Carpets","5","trishna-handloom-cooperative-society-ltd","review","rug export house, confirm it sells to end buyers and not only to importers","rugs"
"TRS Exports","","","","India","Panipat","132103","1st Floor, Opp Miglani Woollen Mills Across Kacha Railway Crossing","12.0","Decorative & Furniture Fabrics | Carpets & Rugs","Carpeting, flooring | Decorative cushions","0","trs-exports","review","rug export house, confirm it sells to end buyers and not only to importers","rugs"
"UNIFAM Union Nacional De Fabricantes De Alfombras, Moquetas","www.unifam.es","unifam@unifam.es","+34 966 68 19 79","Spain","Crevillente","03330","C/Jaime Balmes, 4 Bajo","3.1","Fibres and Yarns, Textile Materials, Finishing | Carpets & Rugs","Fibres and yarns | Fitted Carpets","5","unifam-union-nacional-de-fabricantes-de-alfombras-moquetas","take","Carpets & Rugs","rugs"
"UNITED COIR FACTORY","www.unitedcoir.com","unicoir@gmail.com","+91 98952 99052","India","Alappuzha","688007","45/519, Kalapura Ward, Kommady","12.0","Carpets & Rugs","Door mats and clean-off systems","5","united-coir-factory","review","rug export house, confirm it sells to end buyers and not only to importers","rugs"
"Universal XXI, S.L.","www.universalxxi.es","david.garcia@universalxxi.es","+34 965 40 02 50","Spain","Crevillente","03330","Poligono Industrial I-4 Carretera de la Estacion, S/N","3.1","Carpets & Rugs","Fitted Carpets","5","universal-xxi-sl","take","Carpets & Rugs","rugs"
"Unlimited Style Rugs","www.unlimitedstylerugs.com","","","India","Gurugram","122001","Qutab Plaza, 125, Dlf Phase-1","11.0","Carpets & Rugs","Fitted Carpets","3","unlimited-style-rugs","review","rug export house, confirm it sells to end buyers and not only to importers","rugs"
"Valley OÜ","www.valley.ee","info@valley.ee","+372 444 7780","Estonia","Vändra","87701","Vihtra tee 1a","3.0","Carpets & Rugs","Fitted Carpets","0","valley-oue","take","Carpets & Rugs","rugs"
"Vanhoutte Carpets NV","www.vanhouttecarpets.be","info@vanhouttecarpets.be","+32 56 71 55 57","Belgium","Waregem","8791","Wagenaarstraat 70","3.1","Carpets & Rugs","Fitted Carpets","4","vanhoutte-carpets-nv","take","Carpets & Rugs","rugs"
"AV-Design Inh. Alla Vaysman","","allav56@googlemail.com","+49 163 6501359","Germany","Gummersbach","51645","Alter Weg 1A","4.2","Wall Decoration | Textile Design","Design studio | Wallpapers","0","av-design-inh-alla-vaysman","take","Wall Decoration","wallpaper"
"Verbatex NV","www.verbatex.be","carpets@verbatex.com","+32 56 36 39 00","Belgium","Kortrijk","8501","Mellestraat 196","3.1","Carpets & Rugs","Fitted Carpets","5","verbatex-nv","take","Carpets & Rugs","rugs"
"Vikram Carpets","www.vikramcarpets.com","","","India","Mirzapur, Uttar Pradesh","231001","Katra Bajirao, Katra Bajirao","12.0","Carpets & Rugs","Fitted Carpets","5","vikram-carpets","review","rug export house, confirm it sells to end buyers and not only to importers","rugs"
"Textiles Vilber S.L.","www.vilber.es","export@vilber.es","","Spain","Tavernes de la Valldigna","46760","Carretera CV-50 Tavernes A Alzira Km 4","4.1","Wall Decoration | Decorative & Furniture Fabrics","Decorative fabrics | Wallpapers","5","textiles-vilber-sl","take","Wall Decoration","wallpaper"
"Vishal Carpets","www.vishalcarpets.com","","","India","Sant Ravidas Nagar","221401","Gyanpur Road","12.0","Carpets & Rugs","Fitted Carpets","0","vishal-carpets","review","rug export house, confirm it sells to end buyers and not only to importers","rugs"
"Vishnu Carpets","www.vishnucarpet.com","saksham@vishnucarpet.com","+91 180 400 3688","India","Panipat","132103","No. 330, Sec-29, Part-2, Huda","11.0","Decorative & Furniture Fabrics | Carpets & Rugs","Decorative cushions | Fitted Carpets","5","vishnu-carpets","review","rug export house, confirm it sells to end buyers and not only to importers","rugs"
"The Wallfashion House NV","","","","Belgium","Tielt","8700","Wakkensesteenweg 49","3.0","Wall Decoration","Wall decoration, wall murals | Wallpapers","4","the-wallfashion-house-nv","take","Wall Decoration","wallpaper"
"Zoya Home","www.zoyahome.in","info@zoyahome.in","","India","Karnal","132114","(Behind Victor Int. School) Barsa Vill. Barsat, Barsat Road","12.0","Carpets & Rugs","Fitted Carpets","0","zoya-home","review","rug export house, confirm it sells to end buyers and not only to importers","rugs"
