"company","domain","email","name","title","reason"
"1825 srl","serralunga.com","o.serralunga@qma-management.de","Ondine Serralunga","Head of Marketing","junk domain, would bounce"
"4Corners","4corners.space","maria@linkedin.com","Maria Movchan","Sales and Marketing Manager","junk domain, would bounce"
"Acerbis","mdfitalia.com","marco@linkedin.com","Marco Cassina","Marketing Manager","junk domain, would bounce"
"Amr Helmy Designs","amrhelmydesigns.com","ah@linkedin.com","Amr Helmy","Chairman and Founder","junk domain, would bounce"
"Arex srl","arexonline.com","zanardo.a@qma-management.de","Adriano Zanardo","CEO","junk domain, would bounce"
"Artifort","artifort.com","annemijn-e@qma-management.de","Annemijn Evers","Brand Manager","junk domain, would bounce"
"Artisan d.o.o.","artisan.ba","todorovic-bojan@qma-management.de","Bojan Todorovic","Salon Co-Owner","junk domain, would bounce"
"Barlow Tyrie","teak.com","cfernandes@linkedin.com","Charlotte F.","Marketing Manager","junk domain, would bounce"
"Bodema srl","bodema.it","cm@qma-management.de","Corrado De Mango","Proprietario","junk domain, would bounce"
"Brafab","brafab.com","emma@linkedin.com","Emma Tingdahl","E-commerce Manager","junk domain, would bounce"
"Brusaferri & C. srl","lemispa.com","emilio_brusaferri@qma-management.de","Emilio Brusaferri","Owner & Founder, CEO","junk domain, would bounce"
"Brühl & Sippold GmbH","bruehl.com","mo@linkedin.com","Marcel Oelschlegel","Social Media & IT Manager","junk domain, would bounce"
"Calligaris spa","calligaris.com","td@linkedin.com","Toya Davis","Marketing Manager","junk domain, would bounce"
"Caranto","venetacucine.com","riccardo.sarli@venetacucine.com","RICCARDO SARLI","Digital Marketing Manager presso Veneta Cucine S.p.A","headline names a different employer"
"Castro Interiors","castrolighting.com","dp@linkedin.com","Débora Pereira","Head of Marketing","junk domain, would bounce"
"Ceramica Dolomite spa","ceramicadolomite.it","sd@qma-management.de","sandro dall'ara","Sales & Marketing Director","junk domain, would bounce"
"Ceramica Globo spa","ceramicaglobo.com","banditelli@qma-management.de","Massimo Banditelli","Direttore commerciale","junk domain, would bounce"
"Citco Privé","citco.it","vs@linkedin.com","Sethu V.","Marketing Manager","junk domain, would bounce"
"Clever Concept srl","clever-concept.ro","maria@linkedin.com","Maria Antoanela Tanase","Marketing Manager","junk domain, would bounce"
"Conform Collection","conform.se","mt@linkedin.com","Martin Teilmann","Sales Manager","junk domain, would bounce"
"Corner 43 Decor Co. ltd","corner43.com","sp@qma-management.de","Sarut Pongpairoj","Founder & CEO","junk domain, would bounce"
"Cristal&Bronze","cristal-et-bronze.com","pierre@qma-management.de","Pierre Tassot","Design, Image & Marketing Manager","junk domain, would bounce"
"Cucine Lube","cucinelube.it","emanuele-s@qma-management.de","emanuele stacchietti","área manager commerciale e marketing","junk domain, would bounce"
"Desalto spa","desalto.it","lm@linkedin.com","Luca Milani","Senior Trade Marketing Manager","junk domain, would bounce"
"Edizioni Morelli srl","edizionimorelli.com","lozzi.n@qma-management.de","Niccolò Lozzi","Content & Sales manager","junk domain, would bounce"
"Egoitaliano srl","egoitaliano.com","scarcella.q@qma-management.de","Quintino Scarcella","Owner","junk domain, would bounce"
"Eichholtz bv","eichholtz.com","dd@linkedin.com","Dick Dell","Eigenaar","junk domain, would bounce"
"Estofados Jardim ltda","jardimestofados.com.br","fb@qma-management.de","Fernanda Lima Nassiff Bruch","Coordenação Comercial | Inside Sales, B2B & Trade Marketing","junk domain, would bounce"
"Etro Home Interiors","etrohomeinteriors.onirogroup.it","maria@linkedin.com","Maria Elena Furini","Marketing and Communication Director","junk domain, would bounce"
"Euromobila Prod. srl","euromobila.ro","iildiz.cracea@qma-management.de","Iildiz Cracea","CEO","junk domain, would bounce"
"Fenabel sa","fenabel.pt","mf@linkedin.com","Maya Fenabel","Owner","junk domain, would bounce"
"Fima Carlo Frattini spa","fimacf.com","mf@linkedin.com","Mattia Fiorindo","Direttore marketing","junk domain, would bounce"
"Formitalia Group srl","formitalia.it","marco@linkedin.com","Marco DI CAMERANA","Marketing Manager","junk domain, would bounce"
"Francesco Molon srl","francescomolon.it","fm@linkedin.com","Francesco Molon","","junk domain, would bounce"
"Gallotti&Radice srl","gallottiradice.it","ab@qma-management.de","Alessia Bernardinelli","Marketing and Communication Manager","junk domain, would bounce"
"Gloster Furniture GmbH","gloster.com","newton@linkedin.com","Teresa Newton","Marketing & Textile Manager","junk domain, would bounce"
"IFDM - Marble srl","ifdm.design","vf@qma-management.de","Veronica Ferri","Digital Specialist | Social media manager | Creative consultant","junk domain, would bounce"
"IKONO GmbH & Co. KG","ikono.de","stho@linkedin.com","Stéphanie Pety De Thozée","Owner","junk domain, would bounce"
"illionaire Society lda","luxxu.net","co@qma-management.de","Catarina Oliveira","Marketing Manager","junk domain, would bounce"
"Indian Ocean","indian-ocean.co.uk","rd@linkedin.com","Rajesh Dhir","Owner","junk domain, would bounce"
"Jacob & Co Haute Living","onirogroup.it","maria@linkedin.com","Maria Elena Furini","Marketing and Communication Director","junk domain, would bounce"
"Jansen Furniture B.V.","jansenfurniture.com","lh@qma-management.de","Lulyvia Qurnia Hafidzah","Social Media Marketing Manager","junk domain, would bounce"
"Janua - Christian Seisenberger GmbH","janua-moebel.com","tk@linkedin.com","Thyra Klotz","Marketing Managerin","junk domain, would bounce"
"Jati Kebon","jati-kebon.com","peter@linkedin.com","Peter Boschmans","General Manager","junk domain, would bounce"
"Knoll International spa","knolleurope.com","bk@qma-management.de","Barbara Knoll","Owner","junk domain, would bounce"
"Kriptonite Italia srl","kriptonite.com","md@linkedin.com","Matilde de Sabato","owner","junk domain, would bounce"
"Lema spa","lemamobili.com","dr@qma-management.de","Diego Romano","Commercial & Marketing Director","junk domain, would bounce"
"Leolux Global bv","leolux.com","mz@qma-management.de","Margriet van Zijl","Director of Leolux Furniture Group","junk domain, would bounce"
"Lovato Móveis ltda","lovatomoveis.com","ap@qma-management.de","Anelize Salvagni Pereira","Gerente de Marketing","junk domain, would bounce"
"Made To Last lda","stylishclub.pt","cbar@qma-management.de","Carla Barbosa","Founder","junk domain, would bounce"
"Miroir Brot","miroirbrot.fr","pierre@qma-management.de","Pierre Tassot","Marketing Director","junk domain, would bounce"
"Mobilierul srl","mobilierul.ro","ana@linkedin.com","Ana Durbaca","Company Owner","junk domain, would bounce"
"Moveis Rudnick sa","rudnick.com.br","gp@qma-management.de","Geraldo Pazda","Gerente Geral de Marketing","junk domain, would bounce"
"My Home Collection","myhomecollection.it","deepak@linkedin.com","Deepak Exports","Marketing Manager","junk domain, would bounce"
"Nouhaus Co. ltd","nouhaus.co.kr","jk@qma-management.de","Jong Hoon Kim","Sales Director","junk domain, would bounce"
"Papadatos sa","papadatos.gr","sp@qma-management.de","Steven Papadatos","Owner","junk domain, would bounce"
"Pianca spa Società Benefit","pianca.com","ap@qma-management.de","Aldo Pianca","CEO & Founder","junk domain, would bounce"
"Piet Boon Collection","pietboon.com","elee@linkedin.com","Ellen van Leeuwen","Marketing Manager","junk domain, would bounce"
"Platform","platformarchitecture.it","scott@seadvisors.com","Scott Beitel","President","address reused across companies"
"Quare Design sl","quaredesign.com","sh@qma-management.de","Stephanie Haffreingue","Trade & Marketing Director","junk domain, would bounce"
"Roberto Crolla srl","crolla.it","s-brivio@qma-management.de","Sebastiano Brivio","Company Owner","junk domain, would bounce"
"Rubinetterie Zazzeri spa","zazzeri.it","ppal@linkedin.com","Paolo Palagi","Direttore Commerciale","junk domain, would bounce"
"Salma Furniture","salmafurniture.pt","c@linkedin.com","Alexandra C.","Sales and Marketing Manager","junk domain, would bounce"
"Savio Firmino srl","saviofirmino.com","savio_firmino@qma-management.de","SAVIO FIRMINO","Owner","junk domain, would bounce"
"Serdaneli","serdaneli.fr","p.tassot@mrf.fr","Pierre Tassot","Design, Image & Marketing Manager","address reused across companies"
"Sora Umbrellas","sora-umbrellas.com","thomas@linkedin.com","Tom Vandemoortele","General Manager","junk domain, would bounce"
"Stommen Group AB","stommengroup.com","sarani@linkedin.com","Sara Nilsson","CEO","junk domain, would bounce"
"Sylvanix Outdoor Products Inc.","sylvanix.com","wang@qma-management.de","Sean Wang","President","junk domain, would bounce"
"Takehomedesign Co. ltd","takehomedesign.com","jwon@linkedin.com","Jirat Wongpanich","Marketing and Operations","junk domain, would bounce"
"Trone","troneparis.com","nicole@linkedin.com","Nicole Donoghue","President","junk domain, would bounce"
"Turri srl","turri.it","press@linkedin.com","press Turri","Responsabile ufficio marketing","junk domain, would bounce"
"Umbrosa","umbrosa.be","johanh@qma-management.de","Johan Houbart","Co-Owner","junk domain, would bounce"
"Verzelloni srl","verzelloni.it","vs@linkedin.com","Vittoria Siniscalchi","Digital Marketing-Manager","junk domain, would bounce"
"Vincent Sheppard nv","vincentsheppard.com","cc@linkedin.com","Coralie Claeys","Co-Owner","junk domain, would bounce"
"Vispring ltd","vispring.com","clare.schifano@vispring.com","","Global Marketing Director","headline names a different employer"
"Vondom slu","vondom.com","jon@linkedin.com","Jonathan Benitez","Ecommerce Manager","junk domain, would bounce"
"Zee","zee.be","al@linkedin.com","Ahmed Laghari","president","junk domain, would bounce"
"friedola 1888 GmbH","friedola1888.de","jwagner@linkedin.com","Joachim Wagner","Geschäftsführer","junk domain, would bounce"
"Giacomini & Gambarova S.r.l.","velcoc.it","cc@linkedin.com","Camilla Camatta","Social media manager e Back Office Commerciale","junk domain, would bounce"
"OCI Orient-Carpet-Import GmbH Im- und Export von Orient-Teppichen","oci-carpets.de","mmarinova@linkedin.com","Mariela Marinova","Propietario","junk domain, would bounce"
"Parato S.r.l.","parato.it","cm@qma-management.de","Cristiana Masi","Creative Director","junk domain, would bounce"
"al2","al2.gr","dd@linkedin.com","DIONISIS DROUVIOTIS","Owner","junk domain, would bounce"
"Alexandra","coleccionalexandra.com","lt@linkedin.com","Lesya Tkach","Owner","junk domain, would bounce"
"Artis","gpsinox.it","scott@seadvisors.com","Rina Scott","Owner","address reused across companies"
"B.Home Interiors srl","giobagnara.com","cn@linkedin.com","Christian Novella","Assistente del responsabile del marketing","junk domain, would bounce"
"Cizeta srl","cizetagroup.it","cg@linkedin.com","Chiara Greco","Responsabile Marketing","junk domain, would bounce"
"DEDON","dedon.de","ron.denny@dedon.us","","Digital and Email Marketing Manager, DEDON and Gloster","headline names a different employer"
"Design Diffusion World","designdiffusion.com","co@qma-management.de","Chiara Omboni","Marketing and Communication Manager","junk domain, would bounce"
"Eforma srl","eforma.it","am@qma-management.de","Ardis Markss","Owner","junk domain, would bounce"
"Gandia Blasco sa","gandiablasco.com","md@linkedin.com","madalena leite de castro","directora de marketing","junk domain, would bounce"
"Glass 1989","ronalbathrooms.com","sh@qma-management.de","Sibylle Hamann","Head of Group Marketing","junk domain, would bounce"
"H&H Project - Department of International Trade Promotion","ditp.go.th","ns@linkedin.com","Nithima Siriphokakij","Head of Group 5 (Entertainment Sector), Office of Service Trade Promotion","junk domain, would bounce"
"H2OSTYLE srl","h2ostyle.it","er@linkedin.com","Erika Raggi","Brand & Product Marketing Manager","junk domain, would bounce"
"IFI spa","ifi.it","rm@linkedin.com","Rashid Mohd","Owner","junk domain, would bounce"
"Itlas srl sb","itlas.com","ll@linkedin.com","Laura De Luca","Responsabile marketing","junk domain, would bounce"
"J. Moreira da Silva & Filhos sa","jms.pt","manuel@linkedin.com","Manuel Silva","CEO","junk domain, would bounce"
"Modenese Gastone Interiors srl","modeneseinteriors.com","lm@linkedin.com","MODENESE L.","Owner","junk domain, would bounce"
"Myface Outdoor Design","myface.eu","maria@linkedin.com","Maria Inês Silva","Marketing and communication manager","junk domain, would bounce"
"Ongaro & Fuga Murano srl","ongaroefuga.com","maria@linkedin.com","Ludovico Maria Fuga","Direttore commerciale","junk domain, would bounce"
"Pimar srl","pimarlimestone.com","ca@linkedin.com","Chiara Amato","Marketing Manager","junk domain, would bounce"
"Ravak a.s.","ravak.com","ip@qma-management.de","Istvan Pinter","Head Of Marketing","junk domain, would bounce"
"Riluc","riluc.com","al@linkedin.com","Andreia Lobo","Sales Manager","junk domain, would bounce"
"Roberto Cavalli Home Interiors","robertocavallihomeinteriors.onirogroup.it","maria@linkedin.com","Maria Elena Furini","Marketing and Communication Director","junk domain, would bounce"
"Sentta - Global Design Concept","sentta.pt","yh@linkedin.com","Yulianna Hakh","Marketing Director","junk domain, would bounce"
"Soho","soho.be","fp@qma-management.de","Frank Parisi","owner","junk domain, would bounce"
"Stone International","stoneinternational.it","cc@linkedin.com","Cici Chan","Owner","junk domain, would bounce"
"TM Leader Contract sl","tmleadercontract.com","ja@linkedin.com","JOSÉ ANGOSTO TOMAS","International Marketing Manager","junk domain, would bounce"
"Vittoria Frigerio","vittoriafrigerio.it","gilberto.frigerio@frigerio.com","Gilberto Frigerio","Marketing and Commercial Manager","address reused across companies"
"Xera","xeraonline.com","cs@linkedin.com","Craig Strachan","Founder","junk domain, would bounce"
"Norafin Industries (Germany) GmbH","norafin.de","al@linkedin.com","André Lang","CEO","junk domain, would bounce"
"Biliardi MBM srls","mbmbiliardi.it","gr@linkedin.com","Guido Rossi","Marketing Manager","junk domain, would bounce"
"Bradul Maneciu","bradul-maneciu.ro","ap@qma-management.de","Adrian Pupeza","Manager","junk domain, would bounce"
"C.G. Capelletti srl","cgcapelletti.com","cc@linkedin.com","C.G. Capelletti","Owner","junk domain, would bounce"
"Cerantola spa","cerantola.com","ds@linkedin.com","Daniele Semenzato","Responsabile marketing","junk domain, would bounce"
"Cimol - Comercio e Industria de Moveis ltda","cimol.ind.br","mcs@qma-management.de","Mateus Carrara Santana","Supervisor de marketing","junk domain, would bounce"
"Class Pubblicità","classeditori.it","maria@linkedin.com","Alessandro Mari","Responsabile Commerciale Fashion&Luxury","junk domain, would bounce"
"Dan-Form a/s","dan-form.com","lsor@qma-management.de","Lisbeth H. Sørensen","Marketingchef / Marketing Manager","junk domain, would bounce"
"DFN srl","dfnsrl.com","mohamed@qma-management.de","Mohamed Dini Samad","Founder","junk domain, would bounce"
"Genco Furniture Indonesia","gencofurniture.com","c@linkedin.com","C. Bonora","Executive Managing Director","junk domain, would bounce"
"Heerenhuis","heerenhuis.be","lh@qma-management.de","Louis Van Haesebrouck","Owner","junk domain, would bounce"
"Inda spa","inda.net","badges@linkedin.com","Badge Sandeep","Business Owner","junk domain, would bounce"
"Maison Valentina","maisonvalentina.net","slan@linkedin.com","Sara Lança","CEO","junk domain, would bounce"
"Montbel srl","montbel.it","lucio@qma-management.de","Lucio Ravedoni","Direttore marketing e sviluppo commerciale","junk domain, would bounce"
"Moonler Collection Co. Ltd","moonler.com","pd@qma-management.de","Phuwanat Damrongporn","Founder","junk domain, would bounce"
"Plank srl","plank.it","mp@linkedin.com","Martin Plank","Marketingleiter","junk domain, would bounce"
"SANTAMBROGIOMILANO","santambrogiomilano.it","cs@linkedin.com","Carlo Santambrogio","Founder","junk domain, would bounce"
"Tomasella Industria Mobili srl","tomasella.it","ap@qma-management.de","Andrea Poles","Direttore del marketing","junk domain, would bounce"
"Viro Collection","virobuild.com","peter@linkedin.com","Peter Mulyadi","National Sales Marketing Manager","junk domain, would bounce"
"Zijlstra B.V.","zijlstra.nl:443","mz@qma-management.de","Marcel Zijlstra","Owner","junk domain, would bounce"
"Valley OÜ","valley.ee","ta@qma-management.de","Tiia Aud","Marketing Manager","junk domain, would bounce"
