"company","domain","domain_confidence","country","town","gate_flag","source","pre_flag","pre_flag_reason"
"A.S. Création Tapeten AG","as-creation.com","high","DE","Gummersbach","PASS priority","Heimtextil 2027","NEEDS EYES","PASS priority. Germany's youngest and one of Europe's largest wallpaper makers, founded 1974. Over 2,000 new designs a year, ~6,000 articles across ~80 collections. Already runs a room visualisation tool where a customer uploads a photo of their own room, so this is the S7.4 has-a-configurator hook, not a rejection, and it belongs in the S11 A/B cohort"
"Bankside Decor Ltd (Ohpopsi)","ohpopsi.com","high","GB","","PASS priority","Heimtextil 2027","NEEDS EYES","PASS priority. Ohpopsi is the trading brand of Bankside Decor. Bold wallpaper and large-scale wall murals designed by British designers and printed in the UK. Designs in house and sells made-to-order murals, which is criterion 1 and 3 together"
"Bar-On Studio","baron-studio.com","high","IL","Petah Tikva","PASS priority","Coverings 2027","NEEDS EYES","PASS priority. The best Coverings row on the list. Founded in Israel in 2010 by three brothers, family owned, and it BOTH designs and manufactures: sculptural concrete decorative wall coverings, curated concrete tiles, and tiles with integrated lighting, from its own Petah Tikva factory and showroom. Sells into the US since 2014 and through Ann Sacks since 2017, so it is trade-facing and already US-proven. Designs in house, makes in house, flat decorative wall surface, owner-operated"
"Driftwood Design Labs","driftwooddesignlab.com","high","US","","PASS priority","Coverings 2027","NEEDS EYES","PASS priority. A creative studio and a division of Lunada Bay Tile, Southern California. Own collections: Zel Moroccan zellige, Cotto Andaluz terracotta, Shoreline, with hand-painted and handcrafted elements. Designs original collections and makes them, which is the profile the ICP was written around. Note the competitor conflict: Lunada Bay is a tile and mosaic house, so this row takes the S7.9 walkthrough CTA with no link to MEC's tool"
"Dunis Studios","dunisstudios.com","high","US","Wimberley","PASS priority","TCNA","NEEDS EYES","PASS priority. Designs and manufactures its own lines and sells through tile showrooms, which is the to-the-trade signal. Handmade ceramic, glass, mosaic and brick, 10-12 step process, 30+ years. Strong fit."
"Esselle Retail Limited","esselleretail.com","high","GB","","PASS priority","Heimtextil 2027","NEEDS EYES","PASS priority. In-house design team, over 300 live wallpapers, and collections engineered to coordinate wallpaper with fabrics, blinds and rugs. Owns the Arthouse and Esselle Home brands. Coordinating four product categories off one pattern is exactly what a generative engine shortens"
"Jeffrey Court","jeffreycourt.com","high","US","Norco","PASS priority","Coverings 2027","NEEDS EYES","PASS priority. Started in 1991 by Jim and Janice Lawson as a HAND-PAINTED tile business and still describes itself as producing high-end decorative mosaic tile, 30+ years on, distributing nationally from Norco CA. Founder-led, decorative, mosaic. Competitor conflict with MEC, so walkthrough CTA, no tool link"
"LIVDEN","livden.com","high","US","San Diego","PASS priority","TCNA","NEEDS EYES","PASS priority. Designs its own line of 50+ tile designs on upcycled post-consumer terrazzo bases, 65-100% recycled, made in the US. Designs in house and sells made-to-order. Strong fit."
"Linden Workshops","lindenworkshops.com","high","US","Chicago","PASS priority","TCNA","NEEDS EYES","PASS priority. Three handmade art tile lines: Bronzework Studio, Foundry Art, Talisman. All made in the US, sold through fine tile specialty shops in North America, UK, Japan and Scandinavia. Bought and renamed in 2024, so a new owner is likely open to new tooling."
"Marburger Tapetenfabrik J.B. Schaefer GmbH & Co. KG","marburg.com","high","DE","Kirchhain","PASS priority","Heimtextil 2027","NEEDS EYES","PASS priority. One of Europe's oldest wallpaper makers, founded 1845, 290 employees, 100% made in Germany, and its collections are created by named international designers. Sells as Marburg Wallcoverings. Named-designer collections plus real scale is the strongest murals-side profile on this list"
"Maruman Shokai. Co., Ltd.","tile-maruman.com","high","JP","Tajimi","PASS priority","Coverings 2027","NEEDS EYES","PASS priority. Founded 1931 by Manzo Kato, incorporated 1957, in Tajimi, the centre of Japanese tile production. 65+ years making porcelain MOSAIC tile, 100% made in Japan, local mineral clays, natural glazes, 24-hour firing, with Majolica and Deco named lines. A real artisan mosaic maker with named collections. Competitor conflict with MEC, so walkthrough CTA"
"Mediterra Tile","mediterratile.com","high","US","Tumacacori","PASS priority","TCNA","NEEDS EYES","PASS priority. Design, fabrication and distribution of artisan tile and mosaic. Extensive glaze palette offered for fully custom tile, 4-8 week lead times. A long lead time with a custom glaze choice is exactly the approval-wait the tool shortens."
"Parato S.r.l. (Cristiana Masi)","parato.it","high","IT","Aprilia","PASS priority","Heimtextil 2027","NEEDS EYES","PASS priority. Creating wallpaper collections for international markets since 1985, 100% made in Italy. Cristiana Masi is an architect and the named creative behind every collection, which makes the design step both visible and owned by one decision maker. Small enough that the owner is the buyer"
"Quemere Designs","quemeredesigns.com","high","US","Middletown","PASS priority","TCNA","NEEDS EYES","PASS priority. Only handmade tile factory on the East Coast by its own claim, since 1987. 400+ shapes, 500+ glaze colours plus custom colours, every order custom glazed to one dye lot. The biggest combinatorial catalogue on this list and no configurator found. Best single TCNA candidate."
"The Wallfashion House NV","grandecogroup.com","high","BE","Tielt","PASS priority","Heimtextil 2027","NEEDS EYES","PASS priority. This is Grandeco Wallfashion Group, founded 1978, Europe's largest wallpaper producer: 20 million rolls a year in more than 1,000 designs, ~EUR 150M turnover, 600+ people across ten European sites, sold in 88 countries. A thousand new designs a year is the largest design throughput on the whole wave-2 list. PE-backed by GIMV and Down2Earth, so a long cycle, but the pain is real"
"ARTO Brick & Tile","arto.com","high","US","Los Angeles","PASS","TCNA","NEEDS EYES","PASS. Founded 1966 by Arto Alajian, run by sons Armen and Vod. About 80 people handcrafting concrete, terracotta and ceramic tile and brick on site."
"American Glass Mosaics","americanglassmosaics.com","high","US","Spring Lake","PASS","TCNA","NEEDS EYES","PASS. Only large-scale US glass tile maker using 100% recycled glass. Founded 2013. Own factory. Clean gate 3 pass."
"American Restoration Tile, Inc.","restorationtile.com","high","US","Little Rock","PASS","TCNA","NEEDS EYES","PASS. Custom historical tile reproduction, 1860s-1940s patterns. Does restoration AND new construction custom work, so it clears the restoration-only exclusion in S7.4."
"Hohenberger Manufaktur für Tapeten I Taubert GmbH & Co. KG","hohenberger-wallcoverings.com","high","DE","Hohenberg an der Eger","PASS","Heimtextil 2027","NEEDS EYES","PASS. Third-generation Bavarian wallpaper manufactory, ~90 years, produces only in Germany, PVC and plasticiser free. Runs both modern digital printing and traditional techniques, and digital printing is what makes short-run bespoke commercially possible"
"Images In Tile USA, Inc. dba Bison Coating & Supply","imagesintile.com","high","US","Joplin","PASS","TCNA","NEEDS EYES","PASS. Full TCNA name resolved: Images In Tile USA, Inc. dba Bison Coating & Supply. Two businesses, two domains. imagesintile.com is the one that matters: custom tile murals, any image applied to ceramic, porcelain, stone or glass. bisoncoating.com is the dye-sublimation blanks supply arm, which is a supply company and off ICP. Use imagesintile.com."
"Jerusalem Heights","jerusalemheights.com","high","US","Milford","PASS","Coverings 2027","NEEDS EYES","PASS. A producer and manufacturer of natural stone mosaic tile, premium marble mosaics for backsplashes, shower floors and walls. Makes its own mosaics in Connecticut. On-niche and on-medium. Competitor conflict with MEC, so walkthrough CTA"
"KT Exclusive GmbH","kt-exclusive.com","high","DE","","PASS","Heimtextil 2027","NEEDS EYES","PASS. Founded 1996 as a manufacturer and editor of high-end wall coverings and fabrics. 'Editor' is the trade term for commissioning and publishing original collections, which is the design step the tool plugs into. Sells worldwide including a KT Architects trade line"
"Malibu Ceramic Works","malibuceramicworks.com","high","US","Topanga","PASS","TCNA","NEEDS EYES","PASS. Founded 1979. Reproduces historic California tile: Malibu, Catalina, Hispano Moresque, Batchelder. Explicit tile murals and custom tile pages."
"McIntyre Tile, Inc.","mcintyretile.com","high","US","Healdsburg","PASS","TCNA","NEEDS EYES","PASS. Handmade ceramic tile in Healdsburg since 1972. Has a retailers page, so sells to the trade."
"StoneImpressions/Artisan Stone Tile","stoneimpressions.com","high","US","","PASS","TCNA","NEEDS EYES","PASS. Made-to-order pattern tile printed on natural stone, sold through showrooms across North America. Flat 2D patterns, which is the engine's native output. Artisan Stone Tile is its quick-ship sub-line."
"Syzygy Tileworks, Inc.","syzygytile.com","high","US","Silver City","PASS","TCNA","NEEDS EYES","PASS. Founded 1993, Josh and Carolyn White. Twenty artisans, hand cut and pressed, hand brushed glazes, every tile made to order."
"Textiles Vilber S.L.","vilber.net","high","ES","Tavernes de la Valldigna","PASS","Heimtextil 2027","NEEDS EYES","PASS. 75+ years, supplies 60 countries, and manufactures fabrics, WALLPAPERS and vinyl flooring for home and contract decoration. The wallpaper line puts it in scope. Confirm on the site whether wallpaper is a real design line or a small side range before prioritising"
"Tile by Design, LLC","tilebydesign.net","medium","US","Duncansville","PASS","TCNA","NEEDS EYES","PASS. Domain comes from the TCNA directory listing only. No independent confirmation of a live site appeared in search, so verify the domain resolves before spending credits. TCNA membership type Art Studio, products listed as Art Tile Pictures and Tile-Murals."
"Unique Design Solutions","uniquedesignsolutions.com","high","US","Phoenix","PASS, dedupe check","TCNA","NEEDS EYES","PASS, dedupe check. Own factory in Phoenix, TCNA Art Studio member, products span glazed ceramic, custom, glass, metallic, mosaic and glazed porcelain. Do not confuse with uniquedesignks.com, an unrelated Topeka KS flooring retailer. Its Uniquely Oceanside display board means an Oceanside Glasstile relationship, and Oceanside is already row 14 of wave 1, so dedupe before outreach."
"Zaijian Mosaic","zaijianmosaic.com","high","CN","Chengdu","PASS","Coverings 2027","NEEDS EYES","PASS. Founded 1993 and one of the pioneers that brought MOSAIC ART into home decoration, now a significant force in global mosaic, doing stone mosaic, art mosaic and lava. Art mosaic means commissioned custom work, which is the approval-wait the tool removes. Tier 3 geography and a direct MEC competitor, so walkthrough CTA"
"AIXIN TECH.CO., LTD","ralartmosaictile.com","high","CN","Foshan","FLAG","Coverings 2027","NEEDS EYES","FLAG. Trades as Ralart Mosaic, founded 2011, renamed Aixin Technology in Oct 2024. Range includes mosaic ARTS and mosaic MURALS alongside commodity glass and ceramic mosaic, so unlike most Foshan rows there is a custom-design side. Tier 3 geography and a supplier model pull the other way. Check whether mosaic art is a real commissioned line or a catalogue"
"ALVA Surfaces/Wizard","alvasurfaces.com","high","US","San Antonio","FLAG gate 3","TCNA","NEEDS EYES","FLAG gate 3. Self-describes as distributor, importer AND manufacturer. Does manufacture its own Wizard, Bison Brick and Valletta ceramic lines, so it is not a pure middleman. TCNA slug is mtm-wizard-enterprise-llc, the legal name behind the ALVA brand."
"Marazzi/American Olean","marazziusa.com","high","US","Dallas","FLAG enterprise","Coverings 2027","NEEDS EYES","FLAG enterprise. Two brands, both Dal-Tile and therefore Mohawk: Marazzi since 1935, American Olean since 1923. Genuine design operations but a 200+ enterprise, which per the S7.4 decision-maker table means a Head of Design or digital lead and a long cycle. Tag separately and deprioritise rather than drop"
"Maxfato","maxfato.com","high","CN","Foshan","FLAG","Coverings 2027","NEEDS EYES","FLAG. Stands out from the other Foshan rows: it describes itself as DESIGNING and producing mosaics and tiles for clients, with commercial offices in Spain, Mexico, Australia and Brazil alongside the Foshan HQ and showroom. Range spans metal, porcelain, natural stone, engineered stone and craft glass. 'For clients' suggests project and custom work. Worth a site read"
"Roca / Lamosa USA","rocatileusa.com","high","US","Miami","FLAG enterprise","Coverings 2027","NEEDS EYES","FLAG enterprise. Roca Tile's tile division was bought by Grupo Lamosa in Sept 2021 and the two run together as ROCA TILE USA and LAMOSA USA, with design studios and showrooms in Miami, Chicago and New York. 100+ years of manufacturing and distribution. Same call as Marazzi: real design operation, enterprise buyer, long cycle, deprioritise rather than drop"
"StyleAccess","style-access.com","high","US","Carrollton","FLAG","Coverings 2027","NEEDS EYES","FLAG. The most arguable row on the list. An importer, DESIGNER and distributor that owns Lungarno Ceramics (2013, designer-led collections including handmade wall tile) and CommodiTile (2017), and says it is involved in all phases of the tile design process while sourcing production from Asia and Europe. So it designs but does not manufacture. Under the 24 Aug S7.4 pivot 'makes the product themselves' is no longer a hard gate, which means this row now qualifies on criteria 1 and 3 where it would have been dropped before the pivot. A clean test of whether the pivot was right"
"TIEIC Ceramics","tieic.com","high","US","","FLAG","Coverings 2027","NEEDS EYES","FLAG. A Pennsylvania-registered entity selling tile made in Morbi into North America, and the one commodity-adjacent row with a real design hook: it runs dedicated CUSTOM TILES and MOSAIC pages offering customisation of size, shape, colour and finish. That is criterion 1 and 3 on paper. The catch is that its stated customer is the North American IMPORTER, not an end customer, so confirm who actually makes the design choice"
"Terra Bella","terrabella.design","high","US","Clifton","FLAG","Coverings 2027","NEEDS EYES","FLAG. Self-describes as manufacturer, importer AND US distributor of ceramic, stone and glass mosaic. All three roles in one sentence, so the maker share is unknown. Mosaic is on-niche and the company is small enough for the owner to be the buyer. Worth a site read rather than a drop"
"The Rookwood Pottery Co.","rookwood.com","high","US","Cincinnati","FLAG mixed 2D/3D","TCNA","NEEDS EYES","FLAG mixed 2D/3D. Since 1880, revived 2004, 88,000 sq ft plant. Sells both art pottery, which is 3D and excluded, and architectural tile, which qualifies. Has a dedicated Architectural Tile page. Pitch the tile division only."
"Tile Park Japan","tile-park.com","medium","JP","Kani, Gifu","FLAG","Coverings 2027","NEEDS EYES","FLAG. A platform rather than a maker: it aggregates premium Japanese tile and supports designers with free samples and BIM data. TN Corporation manufactures porcelain in the same Gifu region and may be the operator. A specifier-facing marketplace could be a channel partner rather than a prospect. Only regional sites surfaced, so verify the primary domain"
"WILLIAM F. KEMPF & SON INC","williamkempf.com","high","US","Folcroft","FLAG criterion 2","TISE 2027","NEEDS EYES","FLAG criterion 2. Not stone despite the TISE hall: since 1886 this firm makes coco mats, recycled tire tiles and CUSTOM ENTRANCE MATS. A custom logo mat is genuinely a flat 2D custom product with a client approval step, so criterion 1 and 3 arguably hold and this is not an automatic drop. The question is criterion 2: whether the engine renders a coco or rubber mat usefully. Shahwaz's call, same class of question as the parked niches"
"Whitehill Enterprises, LLC","whitehillenterprises.com","high","US","Joplin","FLAG gate 3","TCNA","NEEDS EYES","FLAG gate 3. Custom tile mosaic and mural design, but the service list includes project management and tile installation, and public art consulting. Design-led with an installation arm rather than a pure installer. Also note it is in Joplin MO, the same small city as Images In Tile, so check whether the two are related before treating them as separate accounts."
"Winsor Fireform, LLC","winsorfireform.com","high","US","Tumwater","FLAG criterion 1","TCNA","NEEDS EYES","FLAG criterion 1. Founded 1983. Manufactures custom porcelain enamel panels and graphic tile at full photographic fidelity, including Citi Field and Yankee Stadium murals. A genuine maker of flat custom work, but it sells into architects and public art commissions, so there is no customer-facing design step for the tool to sit on. Internal-efficiency pitch only."
"XIAMEN ELIN LANDO INDUSTRIAL CO.,LTD","elinlandomarble.com","high","CN","Xiamen","FLAG","Coverings 2027","NEEDS EYES","FLAG. Built by Portia Guo in 2013-14 and describes itself as a SPECIALTY MANUFACTURER of high-end natural stone mosaic, field tile and countertops, booked at Verona and Coverings. A small, founder-run mosaic maker rather than a trading house, which separates it from the other Xiamen rows. Tier 3 geography and stone rather than printed pattern are the arguments against"
